Complex_id,DockQ
1A0R_B-1A0R_G,0.032
1A0R_B-1A0R_P,0.843
1AN1_I-1AN1_E,0.029
1AWC_A-1AWC_B,0.02
1B33_E-1B33_N,0.009
1BH9_A-1BH9_B,0.064
1BML_B-1BML_D,0.013
1BOU_B-1BOU_A,0.057
1C9B_N-1C9B_M,0.012
1CCW_C-1CCW_D,0.018
1CI6_A-1CI6_B,0.015
1D2Z_A-1D2Z_B,0.006
1DCE_B-1DCE_A,0.011
1DHK_A-1DHK_B,0.848
1DML_F-1DML_E,0.053
1DOW_B-1DOW_A,0.026
1DP5_A-1DP5_B,0.948
1DS6_A-1DS6_B,0.008
1DX5_N-1DX5_J,0.033
1EAI_B-1EAI_D,0.034
1EEX_L-1EEX_E,0.902
1EEX_L-1EEX_M,0.004
1EGJ_L-1EGJ_A,0.008
1EM8_D-1EM8_C,0.033
1ES7_A-1ES7_B,0.955
1EXB_A-1EXB_E,0.007
1F3U_E-1F3U_F,0.013
1FFT_F-1FFT_G,0.012
1FI8_B-1FI8_E,0.019
1FM0_E-1FM0_D,0.031
1FOE_B-1FOE_A,0.01
1FS0_G-1FS0_E,0.031
1FXK_A-1FXK_C,0.02
1FYH_A-1FYH_B,0.935
1G1X_C-1G1X_A,0.052
1G4U_R-1G4U_S,0.007
1G8K_B-1G8K_A,0.016
1GH6_B-1GH6_A,0.006
1GHQ_B-1GHQ_A,0.003
1GL2_A-1GL2_B,0.117
1GL2_A-1GL2_D,0.895
1GL2_C-1GL2_B,0.939
1GL2_C-1GL2_D,0.957
1GL4_B-1GL4_A,0.019
1GNG_A-1GNG_X,0.958
1GO3_E-1GO3_F,0.036
1GO4_B-1GO4_F,0.014
1GOT_B-1GOT_A,0.007
1GVN_D-1GVN_C,0.036
1GXD_A-1GXD_C,0.971
1GZS_A-1GZS_B,0.933
1H2S_B-1H2S_A,0.022
1H2T_Z-1H2T_C,0.025
1H3O_B-1H3O_A,0.837
1H59_A-1H59_B,0.035
1H9D_C-1H9D_D,0.046
1H9H_E-1H9H_I,0.031
1HBX_G-1HBX_B,0.88
1HFE_S-1HFE_L,0.023
1I1R_A-1I1R_B,0.01
1I4D_D-1I4D_A,0.016
1I7Q_D-1I7Q_C,0.006
1I7W_D-1I7W_C,0.006
1IAR_A-1IAR_B,0.022
1IK9_C-1IK9_A,0.003
1IKN_D-1IKN_A,0.009
1IS8_H-1IS8_S,0.005
1IXR_B-1IXR_C,0.007
1J2J_A-1J2J_B,0.015
1J34_C-1J34_A,0.017
1JB0_A-1JB0_C,0.002
1JB0_A-1JB0_D,0.004
1JB0_A-1JB0_E,0.006
1JB0_A-1JB0_F,0.003
1JB0_D-1JB0_C,0.966
1JB0_D-1JB0_L,0.005
1JB0_E-1JB0_C,0.043
1JB0_J-1JB0_F,0.046
1JMU_I-1JMU_F,0.003
1JNR_A-1JNR_B,0.882
1JQL_A-1JQL_B,0.004
1JR3_E-1JR3_B,0.007
1JSU_A-1JSU_B,0.914
1JSU_A-1JSU_C,0.012
1K8K_A-1K8K_D,0.811
1K8K_A-1K8K_E,0.005
1K8K_A-1K8K_F,0.01
1K8K_C-1K8K_F,0.023
1K8K_C-1K8K_G,0.009
1K8K_D-1K8K_F,0.919
1K8K_G-1K8K_F,0.011
1KA9_H-1KA9_F,0.008
1KF6_C-1KF6_D,0.886
1KF6_D-1KF6_B,0.01
1KF6_M-1KF6_N,0.85
1KF6_O-1KF6_N,0.029
1KKM_I-1KKM_A,0.008
1KMI_Y-1KMI_Z,0.007
1KQF_A-1KQF_B,0.9
1KQF_C-1KQF_B,0.012
1KXP_A-1KXP_D,0.007
1L0O_C-1L0O_B,0.027
1L1O_C-1L1O_B,0.039
1L1O_D-1L1O_E,0.026
1LDJ_A-1LDJ_B,0.004
1LDK_A-1LDK_D,0.001
1LQB_C-1LQB_B,0.01
1LQV_C-1LQV_A,0.011
1LRW_A-1LRW_B,0.032
1LTS_C-1LTS_E,0.017
1M1E_A-1M1E_B,0.003
1M56_B-1M56_I,0.006
1M56_C-1M56_D,0.026
1MIU_A-1MIU_B,0.966
1MNM_C-1MNM_B,0.018
1MQS_A-1MQS_B,0.94
1N2D_C-1N2D_A,0.022
1N6J_A-1N6J_G,0.022
1NBW_B-1NBW_A,0.011
1NF3_B-1NF3_D,0.009
1NH2_A-1NH2_C,0.008
1NH2_A-1NH2_D,0.003
1NH2_D-1NH2_C,0.939
1NPE_B-1NPE_A,0.029
1NU7_F-1NU7_H,0.012
1O6O_C-1O6O_E,0.006
1OF5_A-1OF5_B,0.013
1OFH_A-1OFH_G,0.025
1OGY_O-1OGY_P,0.012
1OQE_I-1OQE_Q,0.047
1OR7_F-1OR7_B,0.055
1ORY_B-1ORY_A,0.031
1OTC_A-1OTC_B,0.899
1OW3_B-1OW3_A,0.01
1P3Q_V-1P3Q_R,0.027
1P9M_A-1P9M_C,0.017
1P9M_C-1P9M_B,0.016
1PBY_C-1PBY_A,0.016
1PG5_A-1PG5_B,0.923
1PRT_B-1PRT_D,0.03
1PRT_B-1PRT_F,0.013
1PRT_E-1PRT_F,0.931
1PRT_G-1PRT_K,0.006
1PRT_G-1PRT_L,0.005
1PXV_B-1PXV_D,0.032
1Q90_D-1Q90_C,0.004
1Q90_R-1Q90_A,0.002
1QGK_B-1QGK_A,0.008
1QS0_A-1QS0_B,0.909
1QZ7_A-1QZ7_B,0.021
1R0R_I-1R0R_E,0.022
1R4A_A-1R4A_E,0.015
1R5I_A-1R5I_D,0.01
1R6O_B-1R6O_D,0.028
1RH5_A-1RH5_C,0.939
1RLB_E-1RLB_B,0.034
1RP3_F-1RP3_E,0.023
1S64_F-1S64_E,0.867
1S6V_B-1S6V_C,0.011
1S70_A-1S70_B,0.821
1SBW_A-1SBW_I,0.041
1SKR_B-1SKR_A,0.006
1SQ2_L-1SQ2_N,0.88
1SR4_B-1SR4_A,0.916
1SXJ_B-1SXJ_G,0.008
1T0F_A-1T0F_C,0.046
1T0P_A-1T0P_B,0.023
1T6G_D-1T6G_B,0.005
1TAF_A-1TAF_B,0.863
1TBR_S-1TBR_K,0.023
1TH8_B-1TH8_A,0.018
1TII_C-1TII_E,0.064
1TTW_A-1TTW_B,0.857
1U2G_B-1U2G_C,0.008
1U35_C-1U35_F,0.015
1UB4_A-1UB4_C,0.897
1UF2_K-1UF2_A,0.005
1UNL_A-1UNL_D,0.94
1UW4_D-1UW4_C,0.014
1VG9_B-1VG9_A,0.007
1W85_C-1W85_D,0.868
1W85_I-1W85_B,0.02
1WA5_A-1WA5_C,0.009
1WDD_E-1WDD_W,0.003
1WTH_A-1WTH_D,0.005
1WUI_L-1WUI_S,0.973
1WVE_A-1WVE_C,0.04
1WWW_V-1WWW_Y,0.025
1WYW_A-1WYW_B,0.02
1X3Z_B-1X3Z_A,0.034
1XDT_R-1XDT_T,0.007
1XF6_C-1XF6_A,0.047
1XKP_C-1XKP_A,0.027
1XOU_A-1XOU_B,0.05
1XRS_B-1XRS_A,0.006
1XU2_A-1XU2_R,0.039
1Y56_B-1Y56_A,0.006
1Y96_A-1Y96_B,0.883
1YA5_B-1YA5_T,0.017
1YAR_C-1YAR_S,0.004
1YC0_A-1YC0_I,0.02
1YFN_E-1YFN_A,0.037
1YHN_A-1YHN_B,0.012
1YKH_A-1YKH_B,0.06
1YTZ_I-1YTZ_C,0.049
1Z0J_A-1Z0J_B,0.032
1Z2C_A-1Z2C_B,0.007
1ZAV_A-1ZAV_V,0.006
1ZBD_A-1ZBD_B,0.016
1ZOQ_C-1ZOQ_A,0.02
1ZQ1_A-1ZQ1_C,0.006
1ZR0_B-1ZR0_A,0.012
1ZT2_A-1ZT2_B,0.903
1ZUN_B-1ZUN_A,0.84
2A1J_A-2A1J_B,0.019
2A40_A-2A40_B,0.973
2A40_D-2A40_F,0.02
2A5Y_A-2A5Y_B,0.009
2A6Q_C-2A6Q_F,0.047
2AQ2_B-2AQ2_A,0.01
2ARP_A-2ARP_F,0.033
2AS5_F-2AS5_N,0.008
2AST_C-2AST_B,0.02
2AUH_B-2AUH_A,0.021
2AVU_B-2AVU_E,0.029
2AW2_B-2AW2_A,0.008
2AZE_C-2AZE_B,0.008
2B1X_A-2B1X_B,0.923
2B3T_B-2B3T_A,0.012
2B4J_A-2B4J_D,0.017
2B5L_A-2B5L_C,0.871
2B9S_A-2B9S_B,0.006
2BA1_E-2BA1_B,0.926
2BEC_B-2BEC_A,0.051
2BH1_X-2BH1_A,0.034
2BKR_B-2BKR_A,0.033
2BO9_A-2BO9_B,0.019
2BQ1_I-2BQ1_E,0.007
2BRQ_A-2BRQ_C,0.053
2BS2_C-2BS2_B,0.806
2BTV_H-2BTV_B,0.005
2C1M_A-2C1M_B,0.009
2C4F_L-2C4F_U,0.021
2C7M_B-2C7M_A,0.968
2CG5_B-2CG5_A,0.016
2CLY_A-2CLY_C,0.773
2CLY_C-2CLY_B,0.007
2CLY_D-2CLY_E,0.022
2CZV_A-2CZV_C,0.008
2D1K_A-2D1K_C,0.964
2D1P_D-2D1P_F,0.011
2D7C_A-2D7C_C,0.02
2DOQ_D-2DOQ_B,0.055
2DZO_D-2DZO_C,0.015
2E31_A-2E31_B,0.005
2EHB_D-2EHB_A,0.048
2EQ7_C-2EQ7_B,0.026
2EQB_A-2EQB_B,0.01
2ES4_B-2ES4_E,0.859
2EX3_A-2EX3_B,0.921
2F2C_B-2F2C_A,0.817
2F3C_I-2F3C_E,0.017
2F4M_B-2F4M_A,0.025
2F8X_C-2F8X_M,0.006
2F8X_K-2F8X_C,0.01
2F8X_K-2F8X_M,0.012
2F91_A-2F91_B,0.026
2F9I_B-2F9I_A,0.021
2FD6_U-2FD6_A,0.011
2FD6_U-2FD6_H,0.008
2FDB_M-2FDB_P,0.03
2FH5_A-2FH5_B,0.013
2FHZ_A-2FHZ_B,0.877
2FM8_A-2FM8_C,0.019
2FMM_C-2FMM_E,0.034
2FTK_E-2FTK_A,0.014
2FU5_D-2FU5_A,0.02
2FYU_A-2FYU_G,0.003
2FYU_A-2FYU_K,0.012
2FYU_C-2FYU_A,0.006
2FYU_C-2FYU_D,0.86
2FYU_C-2FYU_E,0.751
2FYU_C-2FYU_F,0.004
2FYU_C-2FYU_G,0.007
2FYU_D-2FYU_G,0.009
2FYU_D-2FYU_H,0.004
2FYU_D-2FYU_J,0.009
2FYU_F-2FYU_G,0.011
2FYU_I-2FYU_A,0.041
2FYU_J-2FYU_K,0.033
2G48_D-2G48_B,0.043
2G77_B-2G77_A,0.01
2GAF_A-2GAF_D,0.008
2GAG_A-2GAG_C,0.89
2GAG_A-2GAG_D,0.011
2GAG_B-2GAG_D,0.033
2GAG_D-2GAG_C,0.008
2GH0_C-2GH0_A,0.016
2GWW_A-2GWW_B,0.91
2H1L_Q-2H1L_E,0.009
2H32_B-2H32_A,0.927
2H9E_H-2H9E_C,0.02
2HSN_B-2HSN_A,0.019
2HTM_G-2HTM_C,0.021
2HVY_D-2HVY_C,0.951
2HYI_A-2HYI_D,0.028
2HYI_C-2HYI_D,0.01
2HYI_H-2HYI_G,0.034
2HYI_I-2HYI_G,0.718
2HZM_A-2HZM_B,0.056
2I2X_J-2I2X_I,0.029
2I3T_C-2I3T_D,0.025
2IJ0_B-2IJ0_C,0.011
2IVF_A-2IVF_B,0.792
2IVF_C-2IVF_B,0.008
2IZO_C-2IZO_A,0.005
2IZV_A-2IZV_C,0.007
2J12_B-2J12_A,0.01
2J3T_A-2J3T_C,0.018
2J3W_D-2J3W_C,0.009
2J56_A-2J56_H,0.003
2J56_A-2J56_L,0.011
2J56_L-2J56_H,0.015
2J7A_B-2J7A_C,0.002
2JF1_A-2JF1_T,0.037
2NN6_F-2NN6_I,0.021
2NN6_I-2NN6_G,0.014
2NPS_A-2NPS_D,0.016
2NPS_C-2NPS_D,0.173
2NQ2_C-2NQ2_A,0.005
2NS1_B-2NS1_A,0.006
2NUD_A-2NUD_C,0.929
2NUT_A-2NUT_C,0.007
2NV2_L-2NV2_K,0.012
2NYZ_E-2NYZ_B,0.013
2O8G_A-2O8G_I,0.046
2O98_A-2O98_P,0.011
2OCF_D-2OCF_A,0.027
2ODY_E-2ODY_B,0.028
2OI9_A-2OI9_B,0.051
2OM2_A-2OM2_B,0.01
2OMY_B-2OMY_A,0.018
2OT3_B-2OT3_A,0.008
2OXG_Z-2OXG_Y,0.928
2OZ4_A-2OZ4_H,0.014
2OZB_D-2OZB_E,0.003
2P1L_E-2P1L_F,0.019
2P22_A-2P22_C,0.007
2P22_A-2P22_D,0.008
2P22_B-2P22_A,0.004
2P22_C-2P22_D,0.004
2P58_A-2P58_C,0.034
2P58_B-2P58_C,0.038
2P5T_E-2P5T_F,0.02
2P8Q_A-2P8Q_B,0.895
2PBD_A-2PBD_P,0.004
2PBD_A-2PBD_V,0.02
2PBD_P-2PBD_V,0.749
2PBI_D-2PBI_C,0.012
2PF4_H-2PF4_D,0.008
2PJW_H-2PJW_V,0.234
2PK9_A-2PK9_B,0.938
2PMS_A-2PMS_C,0.011
2PMZ_A-2PMZ_H,0.016
2PMZ_A-2PMZ_L,0.01
2PMZ_B-2PMZ_N,0.943
2PMZ_B-2PMZ_P,0.019
2PMZ_E-2PMZ_K,0.002
2PMZ_H-2PMZ_K,0.011
2PMZ_K-2PMZ_C,0.009
2PMZ_Q-2PMZ_W,0.004
2PMZ_T-2PMZ_G,0.007
2PMZ_V-2PMZ_G,0.026
2PNR_G-2PNR_E,0.013
2PQN_B-2PQN_A,0.061
2PSM_C-2PSM_B,0.018
2PT7_D-2PT7_H,0.011
2PU9_B-2PU9_A,0.044
2PU9_C-2PU9_A,0.023
2PW8_H-2PW8_I,0.022
2Q0O_A-2Q0O_C,0.035
2Q1Z_A-2Q1Z_B,0.453
2Q2E_B-2Q2E_A,0.009
2Q7N_A-2Q7N_B,0.012
2Q86_D-2Q86_C,0.76
2QCS_B-2QCS_A,0.007
2QFA_A-2QFA_B,0.009
2QFA_A-2QFA_C,0.013
2QFA_C-2QFA_B,0.088
2QIY_C-2QIY_A,0.028
2QKH_A-2QKH_B,0.059
2QKL_B-2QKL_A,0.024
2QLV_F-2QLV_E,0.851
2QSF_X-2QSF_A,0.012
2QTV_B-2QTV_A,0.004
2QTV_B-2QTV_D,0.004
2QWO_A-2QWO_B,0.005
2R17_C-2R17_A,0.867
2R6A_B-2R6A_C,0.005
2RDD_A-2RDD_B,0.01
2RF4_A-2RF4_B,0.067
2UZX_B-2UZX_A,0.905
2V3B_B-2V3B_A,0.014
2V51_D-2V51_E,0.914
2V53_A-2V53_D,0.035
2V5P_B-2V5P_C,0.01
2V6X_A-2V6X_B,0.898
2VCP_B-2VCP_E,0.013
2VE7_D-2VE7_B,0.012
2VPG_A-2VPG_B,0.923
2VPZ_A-2VPZ_B,0.939
2VPZ_F-2VPZ_G,0.007
2VSM_A-2VSM_B,0.006
2VSO_A-2VSO_E,0.897
2W19_B-2W19_D,0.002
2WAX_A-2WAX_B,0.026
2WBL_C-2WBL_A,0.011
2WDQ_C-2WDQ_B,0.023
2WDQ_E-2WDQ_F,0.933
2WG3_A-2WG3_C,0.008
2WIU_D-2WIU_C,0.003
2WJN_L-2WJN_C,0.004
2WJN_L-2WJN_H,0.006
2WJV_E-2WJV_B,0.023
2WM9_B-2WM9_A,0.007
2WP0_D-2WP0_B,0.009
2WT7_A-2WT7_B,0.007
2WTK_E-2WTK_D,0.011
2WWX_A-2WWX_B,0.012
2WZP_H-2WZP_P,0.005
2WZP_Q-2WZP_R,0.008
2X19_A-2X19_B,0.018
2XKO_B-2XKO_C,0.005
2XPI_B-2XPI_A,0.016
2XPP_A-2XPP_B,0.947
2XTS_B-2XTS_A,0.01
2XZE_A-2XZE_Q,0.012
2Y0M_A-2Y0M_B,0.015
2Y0N_A-2Y0N_E,0.014
2Y3A_B-2Y3A_A,0.003
2Y3N_C-2Y3N_D,0.009
2Y69_A-2Y69_B,0.921
2Y69_A-2Y69_D,0.947
2Y69_A-2Y69_M,0.916
2Y69_A-2Y69_T,0.003
2Y69_B-2Y69_D,0.008
2Y69_B-2Y69_E,0.003
2Y69_B-2Y69_I,0.011
2Y69_C-2Y69_G,0.008
2Y69_E-2Y69_D,0.006
2Y69_E-2Y69_I,0.006
2Y69_M-2Y69_L,0.151
2Y69_N-2Y69_P,0.86
2Y69_N-2Y69_S,0.012
2Y69_N-2Y69_Y,0.906
2Y69_O-2Y69_U,0.003
2Y69_P-2Y69_S,0.004
2Y69_Q-2Y69_X,0.008
2Y9M_A-2Y9M_B,0.014
2Y9Y_A-2Y9Y_B,0.013
2YFV_A-2YFV_C,0.908
2YFV_C-2YFV_B,0.015
2YIN_D-2YIN_B,0.007
2YJN_B-2YJN_A,0.008
2YNM_A-2YNM_D,0.006
2YNM_B-2YNM_C,0.016
2YPA_A-2YPA_C,0.01
2YPA_C-2YPA_D,0.93
2Z0D_B-2Z0D_A,0.027
2Z5K_B-2Z5K_A,0.008
2Z7F_E-2Z7F_I,0.024
2ZET_A-2ZET_C,0.868
2ZFD_B-2ZFD_A,0.018
2ZME_D-2ZME_B,0.007
2ZON_A-2ZON_G,0.003
2ZP8_B-2ZP8_G,0.031
2ZUP_A-2ZUP_B,0.009
2ZXE_A-2ZXE_G,0.003
2ZXE_B-2ZXE_A,0.002
2ZXE_B-2ZXE_G,0.007
2ZXX_E-2ZXX_F,0.017
2ZZD_J-2ZZD_L,0.018
3A0R_B-3A0R_A,0.041
3A1J_B-3A1J_A,0.005
3A1J_C-3A1J_A,0.008
3A1J_C-3A1J_B,0.011
3A2F_A-3A2F_B,0.011
3A4U_A-3A4U_B,0.021
3A5Z_C-3A5Z_D,0.013
3AB0_D-3AB0_E,0.015
3ABD_X-3ABD_A,0.042
3ABQ_D-3ABQ_C,0.014
3AJB_B-3AJB_A,0.201
3ALZ_A-3ALZ_B,0.01
3AOH_H-3AOH_Z,0.003
3AU4_B-3AU4_A,0.014
3AWU_A-3AWU_B,0.011
3AYH_A-3AYH_B,0.029
3B08_G-3B08_H,0.015
3B0D_C-3B0D_B,0.208
3BES_L-3BES_R,0.004
3BG1_A-3BG1_B,0.004
3BG4_C-3BG4_D,0.054
3BH7_A-3BH7_B,0.023
3BK3_A-3BK3_C,0.022
3BOW_C-3BOW_B,0.014
3BPO_B-3BPO_C,0.015
3BRV_C-3BRV_B,0.024
3BTP_A-3BTP_B,0.925
3BY4_B-3BY4_A,0.027
3C0T_A-3C0T_B,0.013
3CF4_G-3CF4_A,0.005
3CH5_A-3CH5_B,0.025
3CI0_I-3CI0_J,0.04
3CI0_K-3CI0_J,0.914
3CL3_A-3CL3_D,0.021
3CPT_B-3CPT_A,0.369
3CQC_B-3CQC_A,0.008
3CR3_B-3CR3_D,0.006
3CUE_L-3CUE_G,0.013
3CX8_A-3CX8_B,0.873
3D31_A-3D31_C,0.006
3D6N_B-3D6N_A,0.008
3DBO_B-3DBO_A,0.903
3DCG_E-3DCG_D,0.021
3DDC_A-3DDC_B,0.03
3DGP_A-3DGP_B,0.978
3DIN_A-3DIN_C,0.705
3DIN_A-3DIN_E,0.015
3DOE_A-3DOE_B,0.007
3DWG_A-3DWG_C,0.005
3E0J_A-3E0J_B,0.922
3E5A_A-3E5A_B,0.087
3EAB_A-3EAB_G,0.797
3EGG_A-3EGG_C,0.894
3EGW_C-3EGW_B,0.015
3ENO_B-3ENO_F,0.01
3EUH_A-3EUH_C,0.886
3EUJ_B-3EUJ_A,0.01
3F1S_B-3F1S_A,0.006
3F3F_B-3F3F_D,0.004
3F62_B-3F62_A,0.012
3F8U_C-3F8U_D,0.008
3FBI_B-3FBI_A,0.918
3FIE_C-3FIE_A,0.022
3FJU_A-3FJU_B,0.009
3FWB_B-3FWB_A,0.028
3G5O_D-3G5O_C,0.044
3G9V_C-3G9V_D,0.022
3G9W_D-3G9W_A,0.02
3GCG_A-3GCG_B,0.879
3GE3_A-3GE3_C,0.007
3GLI_A-3GLI_B,0.007
3GLI_F-3GLI_J,0.01
3GQI_B-3GQI_A,0.025
3GYX_E-3GYX_F,0.858
3GZ2_P-3GZ2_B,0.075
3H0G_B-3H0G_J,0.942
3H0G_B-3H0G_L,0.015
3H0G_N-3H0G_U,0.005
3H4S_A-3H4S_E,0.019
3H7H_B-3H7H_A,0.016
3HD7_F-3HD7_E,0.162
3HD7_F-3HD7_G,0.735
3HGK_B-3HGK_E,0.029
3HHZ_A-3HHZ_K,0.006
3HI2_B-3HI2_A,0.913
3HJY_A-3HJY_B,0.01
3HMX_B-3HMX_A,0.011
3HRD_D-3HRD_A,0.017
3HRD_H-3HRD_F,0.012
3HRD_H-3HRD_G,0.011
3HRZ_D-3HRZ_C,0.006
3HTK_B-3HTK_C,0.008
3HUG_I-3HUG_J,0.954
3HZH_A-3HZH_B,0.008
3IAB_A-3IAB_B,0.022
3IAX_B-3IAX_A,0.041
3ICQ_B-3ICQ_T,0.03
3IEC_B-3IEC_F,0.973
3IHP_C-3IHP_A,0.015
3IHQ_B-3IHQ_A,0.01
3IJ2_X-3IJ2_B,0.016
3IKO_H-3IKO_I,0.931
3IM4_A-3IM4_C,0.08
3IMA_A-3IMA_B,0.005
3INB_D-3INB_A,0.012
3IOZ_A-3IOZ_B,0.854
3ISM_A-3ISM_C,0.041
3JQO_l-3JQO_k,0.026
3K51_B-3K51_A,0.066
3K6G_E-3K6G_B,0.123
3K7V_C-3K7V_A,0.004
3K8P_D-3K8P_C,0.005
3KBU_D-3KBU_A,0.006
3KF6_A-3KF6_B,0.006
3KFD_A-3KFD_J,0.024
3KFD_B-3KFD_F,0.016
3KFD_K-3KFD_G,0.015
3KFU_B-3KFU_I,0.006
3KFU_H-3KFU_I,0.919
3KFU_H-3KFU_J,0.007
3KMU_B-3KMU_A,0.086
3KND_A-3KND_B,0.959
3KP1_A-3KP1_E,0.002
3KQ4_B-3KQ4_A,0.005
3KSE_D-3KSE_A,0.014
3KWV_D-3KWV_F,0.003
3KXE_C-3KXE_A,0.036
3KYI_B-3KYI_A,0.044
3KYS_B-3KYS_A,0.06
3KZ4_H-3KZ4_B,0.005
3L2O_B-3L2O_A,0.81
3L3O_B-3L3O_M,0.013
3L75_E-3L75_D,0.007
3L75_E-3L75_J,0.018
3L75_Q-3L75_S,0.006
3L75_R-3L75_T,0.004
3L82_A-3L82_B,0.028
3LCB_C-3LCB_B,0.004
3LK2_A-3LK2_T,0.029
3LK2_B-3LK2_A,0.038
3LK2_B-3LK2_T,0.039
3LPE_A-3LPE_B,0.977
3LQC_A-3LQC_B,0.011
3LQV_B-3LQV_Q,0.877
3LVK_A-3LVK_B,0.011
3M0D_D-3M0D_C,0.008
3M1C_B-3M1C_A,0.02
3M4W_E-3M4W_A,0.067
3M91_A-3M91_B,0.042
3M9S_3-3M9S_F,0.008
3MDY_B-3MDY_A,0.002
3ME0_A-3ME0_B,0.023
3MHS_A-3MHS_B,0.023
3MHS_A-3MHS_C,0.01
3MHS_A-3MHS_E,0.032
3MHS_C-3MHS_B,0.967
3MHS_D-3MHS_A,0.008
3MHS_E-3MHS_B,0.073
3MJH_C-3MJH_D,0.056
3MK7_D-3MK7_E,0.896
3MK7_E-3MK7_F,0.013
3MK7_G-3MK7_I,0.777
3MML_A-3MML_B,0.008
3MMY_C-3MMY_D,0.009
3MN5_A-3MN5_S,0.919
3MSX_A-3MSX_B,0.011
3MXN_A-3MXN_B,0.016
3MZK_D-3MZK_C,0.007
3N3A_B-3N3A_C,0.017
3N3K_B-3N3K_A,0.018
3N6R_A-3N6R_B,0.95
3N9N_C-3N9N_A,0.023
3N9U_C-3N9U_B,0.005
3NCE_A-3NCE_B,0.022
3NFG_C-3NFG_D,0.024
3NMU_C-3NMU_B,0.013
3NMU_F-3NMU_A,0.017
3NMZ_C-3NMZ_A,0.017
3NY7_B-3NY7_A,0.04
3NYB_B-3NYB_A,0.016
3O4O_A-3O4O_B,0.012
3O4O_C-3O4O_A,0.749
3O4O_C-3O4O_B,0.007
3O65_F-3O65_E,0.026
3O6Q_A-3O6Q_D,0.019
3OAK_A-3OAK_D,0.025
3OC3_A-3OC3_C,0.824
3OHM_B-3OHM_A,0.863
3OIQ_B-3OIQ_A,0.024
3OJY_A-3OJY_C,0.018
3OLM_A-3OLM_D,0.029
3OQ3_B-3OQ3_A,0.944
3OR1_A-3OR1_C,0.004
3OR1_B-3OR1_C,0.006
3OTP_I-3OTP_C,0.02
3OVU_C-3OVU_A,0.948
3OVU_C-3OVU_B,0.084
3P5J_A-3P5J_B,0.007
3P5J_A-3P5J_C,0.003
3P5J_C-3P5J_B,0.028
3P71_C-3P71_T,0.042
3P8C_D-3P8C_F,0.717
3P8C_F-3P8C_B,0.001
3PCR_B-3PCR_A,0.018
3PEV_A-3PEV_B,0.011
3PHF_4-3PHF_3,0.007
3PIN_A-3PIN_B,0.015
3PNL_A-3PNL_B,0.92
3PNR_A-3PNR_B,0.011
3PVL_A-3PVL_B,0.959
3PXG_F-3PXG_f,0.007
3PZD_B-3PZD_A,0.012
3Q33_B-3Q33_A,0.014
3Q3J_B-3Q3J_A,0.004
3Q87_A-3Q87_B,0.021
3QBT_C-3QBT_D,0.023
3QDR_B-3QDR_A,0.016
3QKS_C-3QKS_A,0.038
3QN1_B-3QN1_A,0.015
3QVG_B-3QVG_A,0.858
3QWZ_A-3QWZ_B,0.011
3R07_A-3R07_C,0.038
3R2D_J-3R2D_A,0.036
3R45_A-3R45_C,0.849
3R84_V-3R84_U,0.127
3RFZ_D-3RFZ_E,0.011
3RFZ_F-3RFZ_E,0.006
3RGB_A-3RGB_C,0.008
3RGB_B-3RGB_C,0.78
3RGB_J-3RGB_I,0.029
3RKO_F-3RKO_E,0.02
3RLF_A-3RLF_G,0.92
3RLF_F-3RLF_E,0.825
3RLF_G-3RLF_E,0.007
3RNQ_A-3RNQ_B,0.022
3RZO_B-3RZO_K,0.013
3RZO_C-3RZO_J,0.013
3RZO_C-3RZO_K,0.005
3RZO_C-3RZO_L,0.045
3S8G_A-3S8G_B,0.815
3S8G_A-3S8G_C,0.01
3S8G_B-3S8G_C,0.011
3S9D_A-3S9D_B,0.011
3SBT_B-3SBT_A,0.376
3SGJ_A-3SGJ_C,0.013
3SJA_A-3SJA_D,0.01
3SJL_B-3SJL_F,0.005
3SJL_E-3SJL_B,0.004
3SQG_B-3SQG_D,0.005
3SQG_C-3SQG_A,0.003
3SQG_C-3SQG_B,0.007
3T12_A-3T12_C,0.006
3T5V_B-3T5V_C,0.003
3T6G_A-3T6G_B,0.019
3T97_C-3T97_B,0.012
3TBI_B-3TBI_A,0.011
3TIX_B-3TIX_A,0.836
3TJZ_A-3TJZ_B,0.017
3TJZ_C-3TJZ_B,0.031
3TL8_G-3TL8_K,0.012
3TND_A-3TND_B,0.941
3TNU_A-3TNU_B,0.004
3TQ7_A-3TQ7_Q,0.02
3TU5_A-3TU5_B,0.007
3TUF_B-3TUF_A,0.018
3TUJ_C-3TUJ_A,0.007
3TVJ_B-3TVJ_I,0.044
3TVT_A-3TVT_B,0.963
3TW8_D-3TW8_C,0.011
3TX7_B-3TX7_A,0.002
3U1J_E-3U1J_B,0.017
3U52_A-3U52_E,0.006
3U60_C-3U60_G,0.007
3U6X_D-3U6X_Y,0.004
3U7U_J-3U7U_D,0.022
3U88_M-3U88_C,0.012
3U9Z_A-3U9Z_C,0.911
3UKY_B-3UKY_C,0.959
3ULY_A-3ULY_B,0.938
3UTM_B-3UTM_C,0.007
3V11_A-3V11_B,0.013
3V11_A-3V11_C,0.983
3V4Y_A-3V4Y_B,0.011
3V5W_A-3V5W_B,0.009
3V62_C-3V62_B,0.062
3V89_B-3V89_A,0.016
3V96_B-3V96_A,0.024
3VA2_A-3VA2_C,0.008
3VEP_A-3VEP_C,0.887
3VHL_B-3VHL_A,0.013
3VHX_A-3VHX_B,0.011
3VIQ_B-3VIQ_A,0.048
3VMF_A-3VMF_B,0.935
3VR4_C-3VR4_G,0.004
3VR4_D-3VR4_G,0.003
3VR4_G-3VR4_H,0.008
3VU9_B-3VU9_A,0.027
3VUX_B-3VUX_E,0.969
3VYT_A-3VYT_B,0.03
3VYT_C-3VYT_A,0.007
3VYT_C-3VYT_B,0.007
3VZA_A-3VZA_C,0.972
3VZA_A-3VZA_E,0.834
3VZA_C-3VZA_E,0.954
3W15_A-3W15_C,0.004
3W1S_A-3W1S_B,0.792
3W1S_A-3W1S_C,0.019
3W1Y_C-3W1Y_A,0.011
3W5U_H-3W5U_E,0.017
3WDG_A-3WDG_B,0.038
3WFD_C-3WFD_B,0.02
3WHL_C-3WHL_D,0.01
3WKR_A-3WKR_C,0.065
3WO4_A-3WO4_C,0.006
3WO4_B-3WO4_C,0.01
3WRY_D-3WRY_B,0.008
3WSO_B-3WSO_A,0.007
3WTP_C-3WTP_F,0.018
3WTP_H-3WTP_F,0.026
3WWN_A-3WWN_B,0.076
3WWQ_D-3WWQ_F,0.946
3WWT_A-3WWT_B,0.841
3WXF_B-3WXF_A,0.015
3WXM_A-3WXM_B,0.927
3WYF_A-3WYF_B,0.012
3WYF_A-3WYF_C,0.017
3WYF_E-3WYF_F,0.008
3WYG_D-3WYG_C,0.054
3X1L_B-3X1L_A,0.009
3X1L_C-3X1L_A,0.006
3X1L_C-3X1L_B,0.013
3X1L_D-3X1L_G,0.007
3X1L_F-3X1L_A,0.008
3ZDL_B-3ZDL_A,0.017
3ZIA_A-3ZIA_G,0.008
3ZIA_D-3ZIA_J,0.953
3ZIA_E-3ZIA_G,0.006
3ZIA_G-3ZIA_H,0.003
3ZIA_G-3ZIA_I,0.006
3ZIA_M-3ZIA_T,0.015
3ZIA_Q-3ZIA_T,0.03
3ZIA_R-3ZIA_S,0.882
3ZKJ_E-3ZKJ_D,0.039
3ZS9_A-3ZS9_D,0.016
4A49_B-4A49_A,0.01
4A8J_D-4A8J_E,0.983
4A8X_A-4A8X_B,0.02
4A8X_A-4A8X_C,0.016
4A8X_C-4A8X_B,0.021
4AF3_A-4AF3_D,0.085
4AJ5_I-4AJ5_S,0.133
4ANI_C-4ANI_A,0.96
4AQR_D-4AQR_A,0.015
4AYD_A-4AYD_D,0.013
4B0M_M-4B0M_B,0.016
4B1V_B-4B1V_N,0.921
4B7Y_A-4B7Y_C,0.026
4B8C_D-4B8C_A,0.005
4B8C_D-4B8C_H,0.022
4B8C_H-4B8C_C,0.007
4BD9_B-4BD9_A,0.01
4BFI_B-4BFI_A,0.007
4BJJ_A-4BJJ_B,0.877
4BK5_A-4BK5_C,0.854
4BQ6_A-4BQ6_D,0.012
4BRU_A-4BRU_B,0.923
4BRW_A-4BRW_B,0.833
4BSZ_A-4BSZ_B,0.908
4BV4_R-4BV4_M,0.01
4BX9_A-4BX9_C,0.004
4C0H_B-4C0H_D,0.857
4C9B_A-4C9B_B,0.85
4C9R_C-4C9R_D,0.011
4CC9_B-4CC9_C,0.934
4CCG_A-4CCG_X,0.028
4CCN_D-4CCN_B,0.025
4CFR_Q-4CFR_B,0.137
4CGY_A-4CGY_B,0.794
4CI6_A-4CI6_B,0.005
4CJ2_A-4CJ2_D,0.925
4CLQ_B-4CLQ_A,0.018
4CMM_B-4CMM_A,0.013
4CO6_C-4CO6_E,0.005
4CRY_G-4CRY_B,0.042
4CT0_A-4CT0_B,0.013
4CXF_A-4CXF_B,0.028
4CYM_D-4CYM_A,0.012
4D0N_A-4D0N_B,0.019
4D18_E-4D18_H,0.009
4D18_F-4D18_A,0.01
4D18_F-4D18_B,0.007
4D18_J-4D18_I,0.053
4D18_M-4D18_J,0.007
4D18_M-4D18_N,0.902
4DAY_C-4DAY_A,0.023
4DCK_C-4DCK_A,0.022
4DCN_A-4DCN_C,0.01
4DGL_C-4DGL_B,0.007
4DGW_B-4DGW_A,0.014
4DGW_B-4DGW_C,0.803
4DH2_B-4DH2_A,0.03
4DHI_D-4DHI_B,0.016
4DI3_E-4DI3_C,0.009
4DID_A-4DID_B,0.038
4DJD_B-4DJD_E,0.004
4DJD_B-4DJD_F,0.009
4DL0_E-4DL0_G,0.003
4DL0_E-4DL0_I,0.004
4DL0_G-4DL0_C,0.004
4DVG_A-4DVG_B,0.023
4DX8_H-4DX8_B,0.065
4DXR_B-4DXR_A,0.006
4E6K_D-4E6K_H,0.028
4E6N_A-4E6N_B,0.935
4EAH_G-4EAH_E,0.007
4EB5_A-4EB5_C,0.039
4EBA_H-4EBA_C,0.005
4EN2_B-4EN2_A,0.035
4EOZ_C-4EOZ_D,0.01
4ETP_A-4ETP_B,0.02
4F0Z_A-4F0Z_B,0.81
4F0Z_C-4F0Z_A,0.014
4F0Z_C-4F0Z_B,0.009
4F4O_D-4F4O_F,0.003
4F6U_A-4F6U_B,0.009
4F8C_B-4F8C_A,0.017
4F9C_A-4F9C_B,0.019
4FAO_M-4FAO_Q,0.908
4FAO_W-4FAO_d,0.022
4FAO_b-4FAO_d,0.024
4FBW_A-4FBW_C,0.01
4FJV_B-4FJV_A,0.02
4FMB_B-4FMB_A,0.005
4FOU_A-4FOU_C,0.029
4FQ3_B-4FQ3_A,0.04
4FXE_B-4FXE_E,0.015
4FXG_J-4FXG_B,0.014
4FXW_B-4FXW_A,0.05
4G2V_B-4G2V_A,0.057
4G4S_P-4G4S_O,0.012
4G6U_A-4G6U_B,0.013
4G91_B-4G91_A,0.029
4GAF_A-4GAF_B,0.027
4GAM_B-4GAM_C,0.952
4GAM_I-4GAM_M,0.073
4GAM_L-4GAM_I,0.013
4GD3_T-4GD3_A,0.85
4GF3_B-4GF3_A,0.031
4GIZ_C-4GIZ_B,0.015
4GIZ_D-4GIZ_B,0.017
4GQB_B-4GQB_A,0.052
4GS7_A-4GS7_C,0.008
4GXB_B-4GXB_A,0.058
4H1W_A-4H1W_B,0.008
4H3H_B-4H3H_A,0.008
4H44_A-4H44_D,0.013
4H44_A-4H44_G,0.019
4H44_B-4H44_A,0.037
4H44_B-4H44_C,0.007
4H44_B-4H44_G,0.074
4H44_C-4H44_E,0.006
4H44_G-4H44_F,0.053
4H62_Q-4H62_K,0.952
4H62_V-4H62_Q,0.058
4H63_V-4H63_R,0.047
4H9N_A-4H9N_C,0.024
4H9N_C-4H9N_B,0.936
4HEA_3-4HEA_9,0.006
4HEA_4-4HEA_6,0.812
4HEA_5-4HEA_3,0.02
4HEA_5-4HEA_4,0.01
4HEA_5-4HEA_6,0.025
4HEA_5-4HEA_9,0.019
4HEA_6-4HEA_9,0.032
4HEA_6-4HEA_W,0.009
4HEA_7-4HEA_9,0.017
4HEA_A-4HEA_6,0.026
4HEA_D-4HEA_B,0.797
4HEA_D-4HEA_I,0.01
4HEA_D-4HEA_X,0.024
4HEA_E-4HEA_D,0.005
4HEA_E-4HEA_O,0.862
4HEA_F-4HEA_X,0.016
4HEA_H-4HEA_4,0.004
4HEA_Q-4HEA_G,0.971
4HEA_Q-4HEA_O,0.006
4HEA_Q-4HEA_P,0.833
4HEA_Q-4HEA_R,0.012
4HFK_A-4HFK_B,0.02
4HH3_A-4HH3_C,0.904
4HI0_A-4HI0_B,0.008
4HI0_A-4HI0_E,0.951
4HI8_B-4HI8_A,0.016
4HKC_A-4HKC_B,0.202
4HKJ_P-4HKJ_N,0.013
4HNY_B-4HNY_A,0.009
4HPM_C-4HPM_D,0.906
4HSA_E-4HSA_F,0.02
4HSU_C-4HSU_A,0.013
4HUQ_A-4HUQ_T,0.014
4HUQ_T-4HUQ_S,0.81
4HX3_H-4HX3_G,0.011
4HZU_T-4HZU_S,0.809
4I6J_A-4I6J_B,0.914
4I6M_A-4I6M_C,0.009
4I6M_A-4I6M_D,0.02
4I6N_B-4I6N_A,0.01
4I98_A-4I98_C,0.065
4I9X_C-4I9X_B,0.041
4IAO_A-4IAO_C,0.884
4IFD_A-4IFD_G,0.016
4IFD_C-4IFD_I,0.861
4IFD_C-4IFD_J,0.004
4IFD_I-4IFD_G,0.005
4IFD_K-4IFD_I,0.01
4II2_B-4II2_A,0.01
4IIQ_B-4IIQ_A,0.947
4IIQ_C-4IIQ_A,0.018
4IIT_A-4IIT_B,0.009
4IN3_C-4IN3_D,0.006
4ITR_C-4ITR_B,0.005
4IUM_B-4IUM_A,0.044
4IW3_K-4IW3_J,0.894
4IZ5_A-4IZ5_G,0.935
4J7C_B-4J7C_K,0.004
4JCV_C-4JCV_E,0.012
4JGH_A-4JGH_C,0.972
4JGH_B-4JGH_C,0.923
4JGH_D-4JGH_C,0.944
4JHJ_C-4JHJ_A,0.03
4JJN_E-4JJN_L,0.008
4JJN_L-4JJN_F,0.009
4JLQ_A-4JLQ_B,0.957
4JMF_A-4JMF_B,0.068
4JOI_B-4JOI_C,0.881
4JQU_A-4JQU_B,0.952
4K1R_D-4K1R_C,0.05
4KBB_D-4KBB_B,0.014
4KFZ_A-4KFZ_C,0.823
4KMO_A-4KMO_B,0.912
4KP3_A-4KP3_C,0.952
4KP3_B-4KP3_F,0.957
4KT5_C-4KT5_A,0.016
4KT6_C-4KT6_D,0.826
4KYO_A-4KYO_B,0.013
4KYT_A-4KYT_B,0.894
4L0Z_B-4L0Z_A,0.029
4L63_C-4L63_A,0.026
4LD3_A-4LD3_B,0.957
4LJO_B-4LJO_A,0.02
4LL1_B-4LL1_A,0.013
4LL8_A-4LL8_E,0.943
4LN0_B-4LN0_C,0.909
4LNU_A-4LNU_K,0.009
4LQS_A-4LQS_B,0.01
4LRT_A-4LRT_B,0.85
4LX3_A-4LX3_B,0.976
4M0W_B-4M0W_A,0.01
4M1U_A-4M1U_E,0.008
4M5D_A-4M5D_B,0.849
4M69_A-4M69_B,0.841
4M6B_A-4M6B_C,0.948
4M6B_D-4M6B_F,0.986
4M70_I-4M70_J,0.897
4MCT_A-4MCT_B,0.015
4ME7_F-4ME7_C,0.014
4MOY_A-4MOY_B,0.834
4MQW_E-4MQW_D,0.886
4MQW_X-4MQW_A,0.941
4MQW_Z-4MQW_H,0.044
4N3Y_A-4N3Y_C,0.215
4NDN_B-4NDN_F,0.982
4NEE_C-4NEE_D,0.018
4NEE_K-4NEE_J,0.007
4NQW_A-4NQW_B,0.898
4NRH_A-4NRH_D,0.007
4NTW_B-4NTW_A,0.013
4NTW_B-4NTW_C,0.017
4NTW_C-4NTW_A,0.007
4NUT_A-4NUT_B,0.913
4NWO_A-4NWO_B,0.028
4NWP_C-4NWP_E,0.015
4ODB_B-4ODB_E,0.913
4OJK_C-4OJK_A,0.045
4OMF_A-4OMF_B,0.009
4OMF_G-4OMF_A,0.013
4OMF_G-4OMF_B,0.006
4OO1_J-4OO1_C,0.919
4OO1_J-4OO1_H,0.005
4OR5_B-4OR5_E,0.929
4OR5_F-4OR5_G,0.933
4OR5_G-4OR5_H,0.831
4OR5_H-4OR5_J,0.027
4OV6_G-4OV6_E,0.019
4OWR_A-4OWR_C,0.007
4OWT_A-4OWT_C,0.899
4OWT_B-4OWT_A,0.008
4OY2_F-4OY2_E,0.029
4P1B_I-4P1B_A,0.013
4P5O_C-4P5O_F,0.014
4P5O_G-4P5O_C,0.011
4P5O_G-4P5O_D,0.013
4P5O_K-4P5O_B,0.023
4P6I_D-4P6I_A,0.899
4P6V_B-4P6V_A,0.007
4P6V_D-4P6V_C,0.007
4P6V_F-4P6V_A,0.014
4P6V_F-4P6V_C,0.005
4P6Z_M-4P6Z_B,0.009
4P6Z_M-4P6Z_G,0.01
4P6Z_S-4P6Z_G,0.066
4P6Z_V-4P6Z_S,0.09
4P78_D-4P78_A,0.092
4PBY_D-4PBY_B,0.122
4PER_B-4PER_A,0.011
4PK7_B-4PK7_A,0.011
4PKF_A-4PKF_C,0.931
4PKG_A-4PKG_G,0.861
4PLN_C-4PLN_B,0.009
4PSW_C-4PSW_A,0.012
4PSW_C-4PSW_B,0.012
4PUF_D-4PUF_B,0.013
4Q2U_A-4Q2U_B,0.049
4Q35_A-4Q35_B,0.878
4Q7J_B-4Q7J_C,0.017
4Q7J_D-4Q7J_C,0.006
4Q7J_E-4Q7J_G,0.004
4Q7J_F-4Q7J_E,0.91
4QAF_A-4QAF_D,0.021
4QAM_B-4QAM_A,0.015
4QIW_J-4QIW_Q,0.003
4QLB_E-4QLB_A,0.019
4QLP_B-4QLP_A,0.926
4QPG_C-4QPG_A,0.96
4QPJ_C-4QPJ_A,0.011
4QPL_B-4QPL_A,0.036
4QTT_C-4QTT_D,0.015
4R10_B-4R10_A,0.009
4R3U_A-4R3U_C,0.961
4R6U_D-4R6U_A,0.01
4RG6_A-4RG6_S,0.036
4RGW_A-4RGW_B,0.896
4ROC_B-4ROC_A,0.006
4RS1_A-4RS1_B,0.038
4RT6_B-4RT6_A,0.005
4S0H_B-4S0H_E,0.014
4TPS_D-4TPS_C,0.053
4TQ1_A-4TQ1_B,0.948
4TQU_M-4TQU_Q,0.005
4U4C_A-4U4C_B,0.917
4U4C_B-4U4C_A,0.015
4U65_A-4U65_E,0.008
4U7U_A-4U7U_B,0.005
4U7U_A-4U7U_K,0.937
4U7U_E-4U7U_B,0.011
4U7U_P-4U7U_U,0.004
4U7U_V-4U7U_M,0.005
4U7U_V-4U7U_W,0.844
4UAF_B-4UAF_E,0.941
4UB8_A-4UB8_B,0.013
4UB8_A-4UB8_I,0.918
4UB8_A-4UB8_O,0.011
4UB8_A-4UB8_T,0.02
4UB8_A-4UB8_V,0.011
4UB8_B-4UB8_H,0.85
4UB8_B-4UB8_L,0.017
4UB8_B-4UB8_O,0.01
4UB8_B-4UB8_U,0.006
4UB8_E-4UB8_R,0.028
4UB8_K-4UB8_Y,0.17
4UB8_T-4UB8_L,0.135
4UB8_U-4UB8_V,0.027
4UB8_Z-4UB8_Y,0.083
4UB8_e-4UB8_j,0.036
4UB8_l-4UB8_m,0.902
4UB8_o-4UB8_u,0.018
4UE8_A-4UE8_B,0.953
4UE9_A-4UE9_B,0.969
4UEL_A-4UEL_C,0.835
4UEL_B-4UEL_A,0.013
4UF5_A-4UF5_B,0.837
4UFR_A-4UFR_B,0.97
4UI1_A-4UI1_D,0.012
4UQI_M-4UQI_A,0.006
4UQI_S-4UQI_A,0.047
4UQI_S-4UQI_B,0.009
4US0_R-4US0_S,0.027
4UX3_A-4UX3_B,0.92
4UZY_B-4UZY_A,0.011
4UZZ_B-4UZZ_A,0.084
4V0X_A-4V0X_B,0.894
4V3K_B-4V3K_C,0.026
4V3K_D-4V3K_E,0.855
4V3K_D-4V3K_F,0.023
4W4L_B-4W4L_A,0.893
4W4L_B-4W4L_C,0.004
4W4O_C-4W4O_A,0.007
4WEM_A-4WEM_B,0.895
4WJ3_H-4WJ3_I,0.815
4WJ3_M-4WJ3_K,0.004
4WJ3_P-4WJ3_A,0.004
4WMA_D-4WMA_A,0.013
4WNL_D-4WNL_E,0.962
4WPX_A-4WPX_B,0.769
4WQO_D-4WQO_A,0.01
4WSI_X-4WSI_A,0.019
4WV4_A-4WV4_B,0.054
4WW7_A-4WW7_B,0.87
4WWX_E-4WWX_Y,0.89
4WX8_E-4WX8_B,0.098
4WYB_C-4WYB_D,0.786
4WZA_H-4WZA_D,0.006
4X8K_A-4X8K_B,0.969
4XB6_B-4XB6_D,0.074
4XB6_G-4XB6_E,0.849
4XB6_G-4XB6_H,0.775
4XD9_A-4XD9_B,0.947
4XDN_A-4XDN_B,0.827
4XGA_B-4XGA_A,0.006
4XGC_A-4XGC_B,0.023
4XGC_A-4XGC_D,0.014
4XGC_A-4XGC_E,0.005
4XGC_B-4XGC_C,0.017
4XGC_B-4XGC_E,0.011
4XGC_C-4XGC_E,0.004
4XGC_D-4XGC_E,0.851
4XGC_F-4XGC_C,0.316
4XH9_E-4XH9_D,0.013
4XHJ_B-4XHJ_A,0.029
4XIZ_A-4XIZ_N,0.854
4XLG_A-4XLG_B,0.915
4XLR_C-4XLR_M,0.012
4XPM_A-4XPM_C,0.051
4XPM_B-4XPM_A,0.892
4XPM_B-4XPM_C,0.011
4XPN_A-4XPN_B,0.931
4XSG_A-4XSG_B,0.036
4XT1_A-4XT1_B,0.934
4XWJ_B-4XWJ_A,0.015
4XXB_A-4XXB_B,0.945
4XZR_B-4XZR_A,0.966
4Y99_C-4Y99_A,0.043
4YFD_A-4YFD_B,0.911
4YH7_A-4YH7_B,0.814
4YII_U-4YII_A,0.966
4YK8_A-4YK8_B,0.03
4YL8_B-4YL8_A,0.046
4YMU_J-4YMU_C,0.014
4YON_B-4YON_A,0.016
4YYP_A-4YYP_B,0.055
4Z2M_B-4Z2M_H,0.026
4Z2M_I-4Z2M_B,0.01
4Z3U_B-4Z3U_A,0.683
4Z42_C-4Z42_B,0.948
4Z42_F-4Z42_A,0.86
4Z6Y_A-4Z6Y_D,0.054
4Z80_A-4Z80_C,0.918
4Z8L_E-4Z8L_F,0.048
4Z96_A-4Z96_C,0.809
4ZHY_B-4ZHY_A,0.02
4ZJB_G-4ZJB_B,0.02
4ZJV_A-4ZJV_C,0.924
4ZK7_W-4ZK7_E,0.038
4ZK9_B-4ZK9_A,0.012
4ZP3_A-4ZP3_M,0.063
4ZRI_C-4ZRI_A,0.012
4ZRK_G-4ZRK_C,0.014
4ZRP_C-4ZRP_A,0.01
5ABV_F-5ABV_E,0.032
5AJJ_B-5AJJ_A,0.029
5AQV_A-5AQV_B,0.946
5AWF_D-5AWF_B,0.005
5AWW_Y-5AWW_E,0.835
5AWW_Y-5AWW_G,0.921
5B0O_C-5B0O_G,0.959
5B16_B-5B16_A,0.02
5B2G_A-5B2G_F,0.004
5B2G_C-5B2G_D,0.904
5B4X_D-5B4X_C,0.007
5B58_B-5B58_T,0.95
5B5W_U-5B5W_A,0.027
5B64_A-5B64_B,0.97
5B83_D-5B83_F,0.016
5BNX_A-5BNX_C,0.805
5BNX_A-5BNX_D,0.01
5BNX_C-5BNX_B,0.041
5BNX_D-5BNX_B,0.03
5BQC_A-5BQC_B,0.031
5BS7_E-5BS7_C,0.016
5BWA_A-5BWA_B,0.761
5BZ0_B-5BZ0_A,0.018
5C2J_B-5C2J_A,0.011
5C46_F-5C46_E,0.006
5CCB_B-5CCB_A,0.732
5CGQ_A-5CGQ_B,0.007
5CJP_A-5CJP_E,0.005
5CL1_D-5CL1_A,0.008
5CLL_A-5CLL_B,0.893
5CM2_M-5CM2_Z,0.016
5CM8_B-5CM8_A,0.008
5CSF_B-5CSF_C,0.037
5CX3_E-5CX3_A,0.029
5CYZ_A-5CYZ_C,0.928
5D1M_A-5D1M_B,0.934
5D3I_A-5D3I_B,0.006
5D6H_A-5D6H_B,0.917
5DA9_C-5DA9_A,0.009
5DLQ_C-5DLQ_B,0.014
5DLQ_F-5DLQ_B,0.011
5DMB_D-5DMB_A,0.014
5DMV_C-5DMV_D,0.942
5DOQ_A-5DOQ_B,0.878
5E8J_B-5E8J_D,0.862
5EE5_B-5EE5_A,0.009
5EKQ_A-5EKQ_E,0.023
5EOF_C-5EOF_B,0.072
5EP6_B-5EP6_A,0.846
5ET0_D-5ET0_C,0.015
5EXE_B-5EXE_A,0.018
5EXE_B-5EXE_C,0.02
5F0J_A-5F0J_B,0.007
5F0J_C-5F0J_A,0.019
5F0J_C-5F0J_B,0.008
5F1B_A-5F1B_C,0.065
5F4E_B-5F4E_A,0.009
5F5P_E-5F5P_G,0.007
5F5S_A-5F5S_B,0.818
5F5T_A-5F5T_C,0.91
5F74_B-5F74_A,0.056
5F84_B-5F84_A,0.015
5FC8_E-5FC8_C,0.968
5FFO_D-5FFO_B,0.007
5FFO_G-5FFO_A,0.008
5FIR_C-5FIR_D,0.011
5FL7_O-5FL7_H,0.029
5FM5_M-5FM5_P,0.925
5FQ8_B-5FQ8_G,0.005
5FQ8_D-5FQ8_E,0.018
5FQD_B-5FQD_A,0.009
5FQD_F-5FQD_E,0.006
5FU7_A-5FU7_B,0.904
5FU7_A-5FU7_D,0.019
5FU7_C-5FU7_B,0.028
5FU7_C-5FU7_D,0.99
5FU7_E-5FU7_G,0.883
5FUG_D-5FUG_F,0.951
5FUG_K-5FUG_L,0.045
5FVD_B-5FVD_A,0.036
5G1X_B-5G1X_A,0.041
5GJK_A-5GJK_B,0.812
5GK9_B-5GK9_A,0.028
5GQQ_B-5GQQ_D,0.924
5H07_A-5H07_D,0.021
5H2F_F-5H2F_J,0.018
5H2W_C-5H2W_D,0.952
5H6Q_B-5H6Q_A,0.01
5HK5_A-5HK5_E,0.027
5HPS_A-5HPS_B,0.018
5HU3_B-5HU3_A,0.015
5HXB_X-5HXB_Z,0.008
5HXG_C-5HXG_D,0.961
5HY3_A-5HY3_B,0.906
5HZK_D-5HZK_A,0.01
5HZK_D-5HZK_C,0.862
5I2D_G-5I2D_F,0.007
5I2D_H-5I2D_A,0.005
5I9E_A-5I9E_E,0.966
5IBK_C-5IBK_A,0.028
5IBW_C-5IBW_A,0.064
5IFG_B-5IFG_A,0.749
5IFS_B-5IFS_A,0.837
5IIB_A-5IIB_B,0.81
5IJ7_F-5IJ7_B,0.009
5IM5_A-5IM5_N,0.026
5IMT_D-5IMT_A,0.006
5INB_A-5INB_B,0.929
5IUK_F-5IUK_E,0.031
5IXI_B-5IXI_A,0.01
5J1S_B-5J1S_A,0.007
5J43_E-5J43_F,0.852
5J9T_B-5J9T_C,0.008
5J9T_C-5J9T_D,0.87
5J9T_E-5J9T_G,0.94
5J9T_F-5J9T_H,0.016
5JA4_D-5JA4_B,0.782
5JAA_D-5JAA_A,0.931
5JDO_E-5JDO_A,0.011
5JEA_K-5JEA_C,0.004
5JEA_K-5JEA_I,0.016
5JEJ_A-5JEJ_D,0.032
5JEN_B-5JEN_A,0.012
5JFZ_E-5JFZ_F,0.929
5JG6_B-5JG6_A,0.914
5JHF_F-5JHF_E,0.924
5JPO_A-5JPO_E,0.038
5JQY_B-5JQY_A,0.023
5JTV_B-5JTV_A,0.012
5JW7_B-5JW7_A,0.035
5JW9_A-5JW9_B,0.051
5JWO_A-5JWO_B,0.951
5K04_B-5K04_A,0.008
5K23_A-5K23_C,0.031
5KBX_B-5KBX_A,0.011
5KL1_A-5KL1_B,0.029
5KP7_B-5KP7_A,0.008
5KS8_A-5KS8_F,0.004
5KTB_C-5KTB_B,0.018
5KWY_C-5KWY_B,0.008
5KXH_B-5KXH_A,0.065
5L6N_H-5L6N_I,0.863
5L6W_C-5L6W_L,0.026
5L8H_B-5L8H_A,0.011
5L9W_A-5L9W_C,0.875
5LB7_B-5LB7_A,0.033
5LDA_B-5LDA_A,0.044
5LDD_A-5LDD_B,0.169
5LDD_C-5LDD_A,0.011
5LDD_C-5LDD_B,0.016
5LG4_A-5LG4_B,0.013
5LGD_A-5LGD_B,0.006
5LOP_A-5LOP_C,0.007
5LPU_B-5LPU_D,0.921
5LQF_A-5LQF_C,0.863
5LQF_D-5LQF_E,0.956
5LSB_A-5LSB_B,0.978
5LSI_D-5LSI_E,0.918
5LSJ_A-5LSJ_D,0.068
5LSJ_B-5LSJ_D,0.006
5LSJ_C-5LSJ_G,0.019
5LSJ_C-5LSJ_Q,0.946
5LSJ_E-5LSJ_G,0.002
5LSK_N-5LSK_P,0.012
5LTW_G-5LTW_F,0.011
5LXR_A-5LXR_B,0.9
5LXT_A-5LXT_E,0.633
5LXT_A-5LXT_F,0.014
5M5E_D-5M5E_C,0.011
5M72_A-5M72_B,0.945
5MB9_A-5MB9_D,0.927
5MJ3_A-5MJ3_B,0.841
5MSM_B-5MSM_A,0.021
5MSM_C-5MSM_B,0.028
5MSM_F-5MSM_D,0.048
5MU7_B-5MU7_A,0.014
5N6Y_A-5N6Y_C,0.017
5N9J_A-5N9J_B,0.845
5N9J_A-5N9J_D,0.012
5N9J_A-5N9J_G,0.012
5N9J_A-5N9J_W,0.003
5N9J_B-5N9J_D,0.002
5N9J_B-5N9J_G,0.008
5N9J_C-5N9J_A,0.033
5N9J_C-5N9J_B,0.05
5N9J_E-5N9J_A,0.001
5N9J_E-5N9J_B,0.007
5N9J_E-5N9J_C,0.003
5N9J_E-5N9J_G,0.003
5N9J_G-5N9J_D,0.011
5N9J_R-5N9J_A,0.01
5N9J_R-5N9J_G,0.002
5N9J_S-5N9J_A,0.004
5N9J_S-5N9J_G,0.005
5N9J_S-5N9J_U,0.011
5N9J_S-5N9J_W,0.003
5N9J_S-5N9J_Z,0.007
5N9J_W-5N9J_U,0.926
5N9J_Z-5N9J_U,0.026
5NLB_A-5NLB_B,0.007
5NT7_D-5NT7_C,0.021
5NVL_C-5NVL_D,0.926
5NXB_B-5NXB_C,0.931
5O32_J-5O32_F,0.008
5O7X_F-5O7X_E,0.004
5O7X_G-5O7X_H,0.889
5O7X_I-5O7X_G,0.01
5SY7_A-5SY7_B,0.045
5SZH_B-5SZH_A,0.928
5T46_C-5T46_D,0.926
5T48_A-5T48_B,0.861
5T59_A-5T59_C,0.867
5T59_B-5T59_A,0.101
5T59_E-5T59_F,0.031
5T5I_B-5T5I_A,0.005
5T5I_B-5T5I_D,0.905
5T5I_B-5T5I_G,0.901
5T5I_C-5T5I_A,0.017
5T5I_F-5T5I_B,0.01
5T5I_J-5T5I_K,0.854
5T5W_A-5T5W_C,0.019
5T5W_B-5T5W_C,0.026
5T70_G-5T70_A,0.011
5T89_X-5T89_V,0.011
5TAR_A-5TAR_B,0.007
5TCS_A-5TCS_C,0.002
5TDY_C-5TDY_D,0.071
5UA4_A-5UA4_B,0.968
5UFU_A-5UFU_B,0.884
5UK4_N-5UK4_n,0.01
5UNI_B-5UNI_A,0.898
5UQ2_A-5UQ2_B,0.954
5V3N_B-5V3N_A,0.052
5V6T_B-5V6T_A,0.006
5VJI_D-5VJI_F,0.107
5VK3_A-5VK3_B,0.008
5VOB_B-5VOB_A,0.026
5VOB_B-5VOB_D,0.893
5VXZ_D-5VXZ_B,0.012
5WGB_A-5WGB_B,0.007
5WUR_A-5WUR_C,0.934
5WXM_B-5WXM_V,0.728
5WY5_B-5WY5_A,0.019
5WYL_D-5WYL_C,0.009
5X1E_A-5X1E_C,0.011
5X3T_C-5X3T_D,0.039
5X3X_m-5X3X_q,0.013
5X5W_C-5X5W_D,0.906
5X5Y_B-5X5Y_F,0.005
5XBF_A-5XBF_B,0.833
5XEQ_A-5XEQ_B,0.015
5XJL_2-5XJL_M,0.954
5XJL_A-5XJL_2,0.011
5XSJ_L-5XSJ_X,0.012
