complex_id,DockQ_dockqstats_marks_RF
4G4S_P_4G4S_O,0.18
5XJL_A_5XJL_2,0.026
5XJL_2_5XJL_M,0.025
4IFD_C_4IFD_J,0.005
4IFD_A_4IFD_G,0.425
4IFD_C_4IFD_I,0.004
4IFD_K_4IFD_I,0.002
4IFD_I_4IFD_G,0.013
5JEA_K_5JEA_I,0.015
5JEA_K_5JEA_C,0.009
4UB8_A_4UB8_I,0.016
4UB8_B_4UB8_O,0.006
4UB8_K_4UB8_Y,0.03
4UB8_B_4UB8_U,0.004
4UB8_B_4UB8_L,0.07
4UB8_l_4UB8_m,0.351
4UB8_o_4UB8_u,0.182
4UB8_U_4UB8_V,0.06
4UB8_E_4UB8_R,0.055
4UB8_A_4UB8_T,0.016
4UB8_e_4UB8_j,0.016
4UB8_Z_4UB8_Y,0.073
4UB8_A_4UB8_V,0.007
4UB8_T_4UB8_L,0.088
4UB8_A_4UB8_B,0.008
4UB8_B_4UB8_H,0.027
4UB8_A_4UB8_O,0.007
5H2F_F_5H2F_J,0.028
1SXJ_B_1SXJ_G,0.014
3WTP_C_3WTP_F,0.028
3WTP_H_3WTP_F,0.016
2FYU_D_2FYU_H,0.004
2FYU_D_2FYU_G,0.234
2FYU_D_2FYU_J,0.099
2FYU_C_2FYU_D,0.003
2FYU_C_2FYU_E,0.014
2FYU_C_2FYU_F,0.004
2FYU_I_2FYU_A,0.013
2FYU_C_2FYU_G,0.01
2FYU_J_2FYU_K,0.023
2FYU_C_2FYU_A,0.022
2FYU_A_2FYU_K,0.004
2FYU_A_2FYU_G,0.004
2FYU_F_2FYU_G,0.046
3L75_E_3L75_D,0.018
3L75_R_3L75_T,0.012
3L75_E_3L75_J,0.025
3L75_Q_3L75_S,0.038
1JB0_D_1JB0_C,0.031
1JB0_J_1JB0_F,0.288
1JB0_A_1JB0_C,0.008
1JB0_D_1JB0_L,0.009
1JB0_A_1JB0_D,0.003
1JB0_E_1JB0_C,0.014
1JB0_A_1JB0_E,0.002
1JB0_A_1JB0_F,0.002
2J3T_A_2J3T_C,0.006
1K8K_A_1K8K_F,0.015
1K8K_D_1K8K_F,0.18
1K8K_A_1K8K_E,0.016
1K8K_C_1K8K_F,0.012
1K8K_A_1K8K_D,0.009
1K8K_G_1K8K_F,0.056
1K8K_C_1K8K_G,0.009
2Y69_N_2Y69_S,0.014
2Y69_E_2Y69_I,0.002
2Y69_B_2Y69_I,0.139
2Y69_E_2Y69_D,0.135
2Y69_B_2Y69_E,0.007
2Y69_O_2Y69_U,0.05
2Y69_M_2Y69_L,0.015
2Y69_A_2Y69_M,0.061
2Y69_C_2Y69_G,0.026
2Y69_A_2Y69_D,0.005
2Y69_A_2Y69_B,0.061
2Y69_B_2Y69_D,0.009
2Y69_Q_2Y69_X,0.045
2Y69_P_2Y69_S,0.131
2Y69_A_2Y69_T,0.01
2Y69_N_2Y69_Y,0.006
2Y69_N_2Y69_P,0.006
3X1L_C_3X1L_B,0.061
3X1L_D_3X1L_G,0.052
3X1L_B_3X1L_A,0.033
3X1L_F_3X1L_A,0.007
3X1L_C_3X1L_A,0.005
1PRT_E_1PRT_F,0.008
1PRT_B_1PRT_F,0.006
1PRT_G_1PRT_K,0.022
1PRT_G_1PRT_L,0.011
1PRT_B_1PRT_D,0.012
4H44_B_4H44_G,0.254
4H44_A_4H44_G,0.112
4H44_B_4H44_C,0.016
4H44_G_4H44_F,0.024
4H44_A_4H44_D,0.597
4H44_C_4H44_E,0.009
4H44_B_4H44_A,0.248
1U35_C_1U35_F,0.025
4GAM_I_4GAM_M,0.014
4GAM_L_4GAM_I,0.006
4GAM_B_4GAM_C,0.014
2WJN_L_2WJN_C,0.049
2WJN_L_2WJN_H,0.012
3GE3_A_3GE3_C,0.549
3ZIA_M_3ZIA_T,0.002
3ZIA_A_3ZIA_G,0.019
3ZIA_R_3ZIA_S,0.556
3ZIA_E_3ZIA_G,0.006
3ZIA_G_3ZIA_H,0.005
3ZIA_G_3ZIA_I,0.008
3ZIA_Q_3ZIA_T,0.003
3ZIA_D_3ZIA_J,0.014
4I6M_A_4I6M_D,0.007
4I6M_A_4I6M_C,0.003
4P1B_I_4P1B_A,0.016
5LXT_A_5LXT_E,0.003
5LXT_A_5LXT_F,0.011
5T5I_C_5T5I_A,0.018
5T5I_B_5T5I_A,0.01
5T5I_F_5T5I_B,0.003
5T5I_B_5T5I_G,0.004
5T5I_B_5T5I_D,0.005
5T5I_J_5T5I_K,0.016
2WDQ_E_2WDQ_F,0.014
2WDQ_C_2WDQ_B,0.007
2YPA_C_2YPA_D,0.252
2YPA_A_2YPA_C,0.014
3MHS_A_3MHS_E,0.006
3MHS_C_3MHS_B,0.197
3MHS_A_3MHS_B,0.005
3MHS_D_3MHS_A,0.007
3MHS_E_3MHS_B,0.014
3MHS_A_3MHS_C,0.012
3RKO_F_3RKO_E,0.204
3RZO_C_3RZO_L,0.021
3RZO_C_3RZO_K,0.38
3RZO_C_3RZO_J,0.02
4HUQ_T_4HUQ_S,0.017
4HUQ_A_4HUQ_T,0.002
4IIQ_B_4IIQ_A,0.086
4IIQ_C_4IIQ_A,0.003
4P6Z_M_4P6Z_B,0.003
4P6Z_S_4P6Z_G,0.003
4P6Z_V_4P6Z_S,0.025
4P6Z_M_4P6Z_G,0.005
4U7U_V_4U7U_M,0.004
4U7U_V_4U7U_W,0.28
4U7U_E_4U7U_B,0.021
4U7U_P_4U7U_U,0.009
4U7U_A_4U7U_K,0.04
4U7U_A_4U7U_B,0.091
4UQI_S_4UQI_B,0.005
4UQI_M_4UQI_A,0.008
4UQI_S_4UQI_A,0.004
1B33_E_1B33_N,0.05
1J34_C_1J34_A,0.027
1SR4_B_1SR4_A,0.011
1XF6_C_1XF6_A,0.006
1YTZ_I_1YTZ_C,0.004
2BA1_E_2BA1_B,0.019
2D1P_D_2D1P_F,0.48
2GAG_A_2GAG_C,0.011
2GAG_B_2GAG_D,0.18
2GAG_A_2GAG_D,0.004
2GAG_D_2GAG_C,0.131
2J3W_D_2J3W_C,0.008
2NUT_A_2NUT_C,0.002
2OI9_A_2OI9_B,0.011
2WTK_E_2WTK_D,0.013
2ZZD_J_2ZZD_L,0.396
3BG4_C_3BG4_D,0.091
3OJY_A_3OJY_C,0.008
3P8C_D_3P8C_F,0.134
3RLF_F_3RLF_E,0.003
3RLF_G_3RLF_E,0.013
3RLF_A_3RLF_G,0.005
3TQ7_A_3TQ7_Q,0.005
4F4O_D_4F4O_F,0.005
4G91_B_4G91_A,0.035
4LNU_A_4LNU_K,0.002
5AWF_D_5AWF_B,0.008
5BNX_A_5BNX_C,0.013
5BNX_C_5BNX_B,0.01
5BNX_D_5BNX_B,0.004
5BNX_A_5BNX_D,0.005
5I9E_A_5I9E_E,0.014
5IXI_B_5IXI_A,0.026
5N6Y_A_5N6Y_C,0.004
1GL2_C_1GL2_D,0.01
1GL2_A_1GL2_B,0.01
1GL2_C_1GL2_B,0.009
1GL2_A_1GL2_D,0.011
1KF6_O_1KF6_N,0.042
1KF6_M_1KF6_N,0.012
1KF6_C_1KF6_D,0.35
1KF6_D_1KF6_B,0.003
1M56_B_1M56_I,0.009
1M56_C_1M56_D,0.523
1R5I_A_1R5I_D,0.01
2HYI_C_2HYI_D,0.014
2HYI_H_2HYI_G,0.023
2HYI_A_2HYI_D,0.034
2HYI_I_2HYI_G,0.02
2NPS_A_2NPS_D,0.009
2NPS_C_2NPS_D,0.162
2P22_A_2P22_C,0.059
2P22_B_2P22_A,0.181
2P22_A_2P22_D,0.23
2P22_C_2P22_D,0.006
3HRD_D_3HRD_A,0.367
3HRD_H_3HRD_F,0.539
3HRD_H_3HRD_G,0.418
3VR4_D_3VR4_G,0.006
3VR4_G_3VR4_H,0.019
3VR4_C_3VR4_G,0.017
4OR5_B_4OR5_E,0.01
4OR5_F_4OR5_G,0.007
4OR5_H_4OR5_J,0.014
4OR5_G_4OR5_H,0.009
4Q7J_E_4Q7J_G,0.003
4Q7J_D_4Q7J_C,0.004
4Q7J_F_4Q7J_E,0.003
4Q7J_B_4Q7J_C,0.01
5J9T_B_5J9T_C,0.156
5J9T_C_5J9T_D,0.272
5J9T_F_5J9T_H,0.022
5J9T_E_5J9T_G,0.009
5JA4_D_5JA4_B,0.004
1NH2_A_1NH2_D,0.006
1NH2_A_1NH2_C,0.006
1NH2_D_1NH2_C,0.203
2AST_C_2AST_B,0.018
2CLY_D_2CLY_E,0.161
2CLY_A_2CLY_C,0.157
2CLY_C_2CLY_B,0.02
2FD6_U_2FD6_H,0.009
2FD6_U_2FD6_A,0.005
2J56_A_2J56_L,0.008
2J56_L_2J56_H,0.111
2J56_A_2J56_H,0.006
2PBD_A_2PBD_P,0.005
2PBD_P_2PBD_V,0.007
2PBD_A_2PBD_V,0.013
2QFA_C_2QFA_B,0.408
2QFA_A_2QFA_C,0.016
2QFA_A_2QFA_B,0.802
2YFV_C_2YFV_B,0.023
2YFV_A_2YFV_C,0.015
2YNM_B_2YNM_C,0.006
2YNM_A_2YNM_D,0.011
2ZXE_B_2ZXE_G,0.017
2ZXE_B_2ZXE_A,0.007
2ZXE_A_2ZXE_G,0.011
3A1J_B_3A1J_A,0.006
3A1J_C_3A1J_A,0.25
3A1J_C_3A1J_B,0.483
3BPO_B_3BPO_C,0.003
3EGW_C_3EGW_B,0.002
3KFD_B_3KFD_F,0.043
3KFD_K_3KFD_G,0.011
3KFD_A_3KFD_J,0.014
3KFU_H_3KFU_J,0.247
3KFU_H_3KFU_I,0.002
3KFU_B_3KFU_I,0.005
3LK2_A_3LK2_T,0.009
3LK2_B_3LK2_T,0.005
3LK2_B_3LK2_A,0.555
3OR1_B_3OR1_C,0.008
3OR1_A_3OR1_C,0.011
3P5J_A_3P5J_B,0.015
3P5J_A_3P5J_C,0.38
3P5J_C_3P5J_B,0.663
3RGB_J_3RGB_I,0.149
3RGB_B_3RGB_C,0.13
3RGB_A_3RGB_C,0.019
3S8G_A_3S8G_B,0.011
3S8G_B_3S8G_C,0.023
3S8G_A_3S8G_C,0.028
3SJL_E_3SJL_B,0.036
3SJL_B_3SJL_F,0.009
3SQG_B_3SQG_D,0.007
3SQG_C_3SQG_B,0.239
3SQG_C_3SQG_A,0.044
3V62_C_3V62_B,0.012
3VYT_A_3VYT_B,0.589
3VYT_C_3VYT_B,0.004
3VYT_C_3VYT_A,0.013
3VZA_C_3VZA_E,0.042
3VZA_A_3VZA_C,0.119
3VZA_A_3VZA_E,0.025
3WYF_E_3WYF_F,0.004
3WYF_A_3WYF_B,0.012
3WYF_A_3WYF_C,0.012
4A8X_C_4A8X_B,0.096
4A8X_A_4A8X_B,0.015
4A8X_A_4A8X_C,0.034
4DJD_B_4DJD_F,0.004
4DJD_B_4DJD_E,0.007
4DL0_E_4DL0_I,0.008
4DL0_E_4DL0_G,0.13
4DL0_G_4DL0_C,0.004
4F0Z_C_4F0Z_B,0.009
4F0Z_C_4F0Z_A,0.008
4F0Z_A_4F0Z_B,0.006
4H9N_A_4H9N_C,0.005
4H9N_C_4H9N_B,0.018
4JGH_B_4JGH_C,0.025
4JGH_A_4JGH_C,0.008
4JGH_D_4JGH_C,0.012
4M6B_D_4M6B_F,0.038
4M6B_A_4M6B_C,0.053
4MQW_Z_4MQW_H,0.006
4MQW_X_4MQW_A,0.005
4MQW_E_4MQW_D,0.01
4NTW_C_4NTW_A,0.002
4NTW_B_4NTW_A,0.035
4NTW_B_4NTW_C,0.011
4OMF_G_4OMF_A,0.023
4OMF_A_4OMF_B,0.023
4OMF_G_4OMF_B,0.02
4V3K_D_4V3K_F,0.007
4V3K_B_4V3K_C,0.054
4V3K_D_4V3K_E,0.004
4WZA_H_4WZA_D,0.007
4XB6_G_4XB6_H,0.01
4XB6_B_4XB6_D,0.544
4XB6_G_4XB6_E,0.303
4XPM_B_4XPM_A,0.092
4XPM_B_4XPM_C,0.023
4XPM_A_4XPM_C,0.414
4Y99_C_4Y99_A,0.004
4Z2M_I_4Z2M_B,0.014
4Z2M_B_4Z2M_H,0.021
5F0J_C_5F0J_A,0.017
5F0J_C_5F0J_B,0.003
5F0J_A_5F0J_B,0.004
5FUG_D_5FUG_F,0.014
5FUG_K_5FUG_L,0.01
5LDD_C_5LDD_A,0.024
5LDD_C_5LDD_B,0.005
5LDD_A_5LDD_B,0.552
5MSM_B_5MSM_A,0.257
5MSM_F_5MSM_D,0.378
5MSM_C_5MSM_B,0.411
5T59_B_5T59_A,0.742
5T59_E_5T59_F,0.321
5T59_A_5T59_C,0.007
5T5W_A_5T5W_C,0.004
5T5W_B_5T5W_C,0.004
5VK3_A_5VK3_B,0.004
1A0R_B_1A0R_P,0.005
1A0R_B_1A0R_G,0.007
1EEX_L_1EEX_E,0.026
1EEX_L_1EEX_M,0.419
1GOT_B_1GOT_A,0.039
1IKN_D_1IKN_A,0.003
1JSU_A_1JSU_B,0.006
1JSU_A_1JSU_C,0.008
1KQF_C_1KQF_B,0.007
1L1O_C_1L1O_B,0.615
1L1O_D_1L1O_E,0.566
1LQB_C_1LQB_B,0.007
1W85_C_1W85_D,0.51
1W85_I_1W85_B,0.004
1YAR_C_1YAR_S,0.004
2A40_D_2A40_F,0.007
2A40_A_2A40_B,0.006
2AZE_C_2AZE_B,0.019
2BS2_C_2BS2_B,0.003
2D1K_A_2D1K_C,0.009
2IVF_A_2IVF_B,0.005
2IVF_C_2IVF_B,0.007
2IZO_C_2IZO_A,0.004
2IZV_A_2IZV_C,0.011
2P58_A_2P58_C,0.244
2P58_B_2P58_C,0.123
2PU9_C_2PU9_A,0.006
2PU9_B_2PU9_A,0.01
2QTV_B_2QTV_D,0.014
2QTV_B_2QTV_A,0.003
2VE7_D_2VE7_B,0.029
2VPG_A_2VPG_B,0.051
2VPZ_A_2VPZ_B,0.005
2VPZ_F_2VPZ_G,0.009
2WZP_H_2WZP_P,0.009
2WZP_Q_2WZP_R,0.005
3BOW_C_3BOW_B,0.012
3CI0_I_3CI0_J,0.629
3CI0_K_3CI0_J,0.408
3DCG_E_3DCG_D,0.074
3NMU_F_3NMU_A,0.001
3NMU_C_3NMU_B,0.011
3OVU_C_3OVU_B,0.031
3OVU_C_3OVU_A,0.017
3R45_A_3R45_C,0.015
3RFZ_F_3RFZ_E,0.006
3T5V_B_3T5V_C,0.005
3TIX_B_3TIX_A,0.005
3TJZ_C_3TJZ_B,0.012
3TJZ_A_3TJZ_B,0.004
3TU5_A_3TU5_B,0.006
3U52_A_3U52_E,0.445
3W1S_A_3W1S_C,0.128
3W1S_A_3W1S_B,0.017
3ZKJ_E_3ZKJ_D,0.014
4B0M_M_4B0M_B,0.011
4BV4_R_4BV4_M,0.007
4GIZ_C_4GIZ_B,0.007
4GIZ_D_4GIZ_B,0.008
4GQB_B_4GQB_A,0.003
4H62_Q_4H62_K,0.008
4H62_V_4H62_Q,0.045
4HI0_A_4HI0_E,0.015
4HI0_A_4HI0_B,0.688
4HKJ_P_4HKJ_N,0.018
4I6J_A_4I6J_B,0.005
4II2_B_4II2_A,0.004
4KP3_B_4KP3_F,0.007
4KP3_A_4KP3_C,0.003
4OWT_A_4OWT_C,0.027
4OWT_B_4OWT_A,0.03
4PKG_A_4PKG_G,0.008
4PSW_C_4PSW_A,0.006
4PSW_C_4PSW_B,0.004
4U4C_B_4U4C_A,0.006
4U4C_A_4U4C_B,0.005
4UEL_B_4UEL_A,0.01
4UEL_A_4UEL_C,0.466
4W4L_B_4W4L_A,0.64
4W4L_B_4W4L_C,0.006
5AWW_Y_5AWW_G,0.241
5AWW_Y_5AWW_E,0.576
5EXE_B_5EXE_C,0.007
5EXE_B_5EXE_A,0.006
5FQ8_B_5FQ8_G,0.007
5FQ8_D_5FQ8_E,0.01
5FQD_F_5FQD_E,0.024
5FQD_B_5FQD_A,0.003
5H6Q_B_5H6Q_A,0.008
5IJ7_F_5IJ7_B,0.014
5L9W_A_5L9W_C,0.1
5LQF_A_5LQF_C,0.005
5LQF_D_5LQF_E,0.005
5T70_G_5T70_A,0.006
5V3N_B_5V3N_A,0.019
5X3X_m_5X3X_q,0.006
1AN1_I_1AN1_E,0.011
1AWC_A_1AWC_B,0.009
1BH9_A_1BH9_B,0.659
1BML_B_1BML_D,0.007
1BOU_B_1BOU_A,0.019
1C9B_N_1C9B_M,0.004
1CCW_C_1CCW_D,0.003
1CI6_A_1CI6_B,0.016
1D2Z_A_1D2Z_B,0.012
1DCE_B_1DCE_A,0.102
1DHK_A_1DHK_B,0.005
1DML_F_1DML_E,0.331
1DOW_B_1DOW_A,0.059
1DP5_A_1DP5_B,0.026
1DS6_A_1DS6_B,0.227
1DX5_N_1DX5_J,0.011
1EAI_B_1EAI_D,0.009
1EGJ_L_1EGJ_A,0.009
1EM8_D_1EM8_C,0.192
1ES7_A_1ES7_B,0.011
1EXB_A_1EXB_E,0.027
1F3U_E_1F3U_F,0.386
1FI8_B_1FI8_E,0.005
1FM0_E_1FM0_D,0.634
1FOE_B_1FOE_A,0.008
1FS0_G_1FS0_E,0.161
1FXK_A_1FXK_C,0.016
1FYH_A_1FYH_B,0.004
1G1X_C_1G1X_A,0.392
1G4U_R_1G4U_S,0.007
1G8K_B_1G8K_A,0.011
1GHQ_B_1GHQ_A,0.007
1GL4_B_1GL4_A,0.004
1GNG_A_1GNG_X,0.032
1GO3_E_1GO3_F,0.631
1GO4_B_1GO4_F,0.128
1GVN_D_1GVN_C,0.031
1GZS_A_1GZS_B,0.008
1H2S_B_1H2S_A,0.028
1H2T_Z_1H2T_C,0.01
1H3O_B_1H3O_A,0.017
1H59_A_1H59_B,0.101
1H9D_C_1H9D_D,0.019
1H9H_E_1H9H_I,0.016
1HFE_S_1HFE_L,0.449
1I1R_A_1I1R_B,0.005
1I4D_D_1I4D_A,0.015
1I7Q_D_1I7Q_C,0.047
1I7W_D_1I7W_C,0.002
1IAR_A_1IAR_B,0.004
1IK9_C_1IK9_A,0.579
1IS8_H_1IS8_S,0.008
1J2J_A_1J2J_B,0.01
1JMU_I_1JMU_F,0.004
1JNR_A_1JNR_B,0.01
1JQL_A_1JQL_B,0.005
1JR3_E_1JR3_B,0.005
1KA9_H_1KA9_F,0.265
1KKM_I_1KKM_A,0.092
1KMI_Y_1KMI_Z,0.008
1KXP_A_1KXP_D,0.011
1L0O_C_1L0O_B,0.023
1LDJ_A_1LDJ_B,0.004
1LQV_C_1LQV_A,0.012
1LRW_A_1LRW_B,0.003
1LTS_C_1LTS_E,0.021
1M1E_A_1M1E_B,0.006
1MNM_C_1MNM_B,0.007
1MQS_A_1MQS_B,0.005
1N2D_C_1N2D_A,0.005
1N6J_A_1N6J_G,0.011
1NBW_B_1NBW_A,0.01
1NF3_B_1NF3_D,0.007
1NPE_B_1NPE_A,0.003
1NU7_F_1NU7_H,0.015
1O6O_C_1O6O_E,0.015
1OF5_A_1OF5_B,0.013
1OFH_A_1OFH_G,0.011
1OQE_I_1OQE_Q,0.016
1OR7_F_1OR7_B,0.007
1ORY_B_1ORY_A,0.006
1OTC_A_1OTC_B,0.01
1OW3_B_1OW3_A,0.005
1P3Q_V_1P3Q_R,0.032
1PBY_C_1PBY_A,0.075
1PG5_A_1PG5_B,0.099
1PXV_B_1PXV_D,0.015
1QGK_B_1QGK_A,0.01
1QS0_A_1QS0_B,0.019
1QZ7_A_1QZ7_B,0.004
1R0R_I_1R0R_E,0.033
1R4A_A_1R4A_E,0.018
1R6O_B_1R6O_D,0.099
1RP3_F_1RP3_E,0.076
1S64_F_1S64_E,0.005
1S6V_B_1S6V_C,0.004
1S70_A_1S70_B,0.004
1SBW_A_1SBW_I,0.043
1SKR_B_1SKR_A,0.005
1SQ2_L_1SQ2_N,0.007
1T0F_A_1T0F_C,0.395
1T0P_A_1T0P_B,0.007
1T6G_D_1T6G_B,0.008
1TAF_A_1TAF_B,0.711
1TBR_S_1TBR_K,0.008
1TH8_B_1TH8_A,0.04
1TII_C_1TII_E,0.022
1TTW_A_1TTW_B,0.086
1U2G_B_1U2G_C,0.006
1UB4_A_1UB4_C,0.048
1UNL_A_1UNL_D,0.027
1UW4_D_1UW4_C,0.422
1VG9_B_1VG9_A,0.008
1WDD_E_1WDD_W,0.023
1WTH_A_1WTH_D,0.006
1WUI_L_1WUI_S,0.237
1WVE_A_1WVE_C,0.006
1WWW_V_1WWW_Y,0.006
1WYW_A_1WYW_B,0.021
1X3Z_B_1X3Z_A,0.006
1XDT_R_1XDT_T,0.005
1XKP_C_1XKP_A,0.014
1XOU_A_1XOU_B,0.055
1XRS_B_1XRS_A,0.005
1XU2_A_1XU2_R,0.01
1Y56_B_1Y56_A,0.003
1Y96_A_1Y96_B,0.795
1YA5_B_1YA5_T,0.005
1YC0_A_1YC0_I,0.007
1YFN_E_1YFN_A,0.026
1YHN_A_1YHN_B,0.006
1YKH_A_1YKH_B,0.301
1Z0J_A_1Z0J_B,0.043
1Z2C_A_1Z2C_B,0.003
1ZAV_A_1ZAV_V,0.034
1ZBD_A_1ZBD_B,0.008
1ZOQ_C_1ZOQ_A,0.006
1ZQ1_A_1ZQ1_C,0.004
1ZR0_B_1ZR0_A,0.008
1ZUN_B_1ZUN_A,0.006
2A1J_A_2A1J_B,0.017
2A5Y_A_2A5Y_B,0.006
2A6Q_C_2A6Q_F,0.576
2AQ2_B_2AQ2_A,0.011
2ARP_A_2ARP_F,0.005
2AS5_F_2AS5_N,0.022
2AVU_B_2AVU_E,0.005
2AW2_B_2AW2_A,0.017
2B1X_A_2B1X_B,0.01
2B4J_A_2B4J_D,0.013
2B5L_A_2B5L_C,0.004
2B9S_A_2B9S_B,0.306
2BEC_B_2BEC_A,0.044
2BH1_X_2BH1_A,0.577
2BKR_B_2BKR_A,0.04
2BO9_A_2BO9_B,0.005
2BRQ_A_2BRQ_C,0.083
2C1M_A_2C1M_B,0.004
2C4F_L_2C4F_U,0.006
2C7M_B_2C7M_A,0.005
2CG5_B_2CG5_A,0.012
2CZV_A_2CZV_C,0.422
2D7C_A_2D7C_C,0.017
2DOQ_D_2DOQ_B,0.017
2DZO_D_2DZO_C,0.021
2E31_A_2E31_B,0.004
2EHB_D_2EHB_A,0.025
2EQ7_C_2EQ7_B,0.022
2EQB_A_2EQB_B,0.009
2ES4_B_2ES4_E,0.095
2F2C_B_2F2C_A,0.03
2F3C_I_2F3C_E,0.012
2F4M_B_2F4M_A,0.013
2F91_A_2F91_B,0.015
2F9I_B_2F9I_A,0.007
2FDB_M_2FDB_P,0.009
2FH5_A_2FH5_B,0.006
2FHZ_A_2FHZ_B,0.021
2FM8_A_2FM8_C,0.003
2FMM_C_2FMM_E,0.007
2FU5_D_2FU5_A,0.014
2G48_D_2G48_B,0.01
2G77_B_2G77_A,0.012
2GAF_A_2GAF_D,0.009
2GH0_C_2GH0_A,0.007
2GWW_A_2GWW_B,0.088
2H32_B_2H32_A,0.084
2H9E_H_2H9E_C,0.007
2HSN_B_2HSN_A,0.217
2HTM_G_2HTM_C,0.445
2HVY_D_2HVY_C,0.031
2HZM_A_2HZM_B,0.474
2I2X_J_2I2X_I,0.004
2I3T_C_2I3T_D,0.029
2IJ0_B_2IJ0_C,0.015
2J12_B_2J12_A,0.009
2J7A_B_2J7A_C,0.014
2JF1_A_2JF1_T,0.057
2NQ2_C_2NQ2_A,0.007
2NS1_B_2NS1_A,0.005
2NUD_A_2NUD_C,0.011
2NV2_L_2NV2_K,0.121
2NYZ_E_2NYZ_B,0.004
2O8G_A_2O8G_I,0.013
2O98_A_2O98_P,0.029
2OCF_D_2OCF_A,0.009
2ODY_E_2ODY_B,0.005
2OM2_A_2OM2_B,0.011
2OMY_B_2OMY_A,0.009
2OT3_B_2OT3_A,0.005
2OXG_Z_2OXG_Y,0.619
2OZ4_A_2OZ4_H,0.008
2OZB_D_2OZB_E,0.004
2P1L_E_2P1L_F,0.052
2P8Q_A_2P8Q_B,0.014
2PBI_D_2PBI_C,0.009
2PK9_A_2PK9_B,0.035
2PMS_A_2PMS_C,0.007
2PNR_G_2PNR_E,0.007
2PQN_B_2PQN_A,0.205
2PSM_C_2PSM_B,0.063
2PT7_D_2PT7_H,0.004
2PW8_H_2PW8_I,0.016
2Q0O_A_2Q0O_C,0.014
2Q1Z_A_2Q1Z_B,0.01
2Q86_D_2Q86_C,0.076
2QCS_B_2QCS_A,0.004
2QIY_C_2QIY_A,0.237
2QKH_A_2QKH_B,0.011
2QKL_B_2QKL_A,0.068
2QLV_F_2QLV_E,0.023
2QSF_X_2QSF_A,0.01
2QWO_A_2QWO_B,0.006
2R17_C_2R17_A,0.006
2R6A_B_2R6A_C,0.006
2UZX_B_2UZX_A,0.003
2V3B_B_2V3B_A,0.013
2V51_D_2V51_E,0.013
2V6X_A_2V6X_B,0.008
2VSM_A_2VSM_B,0.006
2VSO_A_2VSO_E,0.011
2W19_B_2W19_D,0.004
2WAX_A_2WAX_B,0.255
2WBL_C_2WBL_A,0.004
2WG3_A_2WG3_C,0.004
2WIU_D_2WIU_C,0.009
2WJV_E_2WJV_B,0.005
2WM9_B_2WM9_A,0.002
2WP0_D_2WP0_B,0.004
2WT7_A_2WT7_B,0.007
2WWX_A_2WWX_B,0.007
2X19_A_2X19_B,0.02
2XKO_B_2XKO_C,0.012
2XPI_B_2XPI_A,0.003
2XPP_A_2XPP_B,0.13
2XTS_B_2XTS_A,0.136
2XZE_A_2XZE_Q,0.008
2Y0M_A_2Y0M_B,0.002
2Y0N_A_2Y0N_E,0.008
2Y3N_C_2Y3N_D,0.008
2Y9M_A_2Y9M_B,0.03
2YIN_D_2YIN_B,0.004
2Z0D_B_2Z0D_A,0.01
2Z5K_B_2Z5K_A,0.008
2Z7F_E_2Z7F_I,0.028
2ZET_A_2ZET_C,0.021
2ZFD_B_2ZFD_A,0.012
2ZME_D_2ZME_B,0.07
2ZON_A_2ZON_G,0.006
2ZXX_E_2ZXX_F,0.023
3A2F_A_3A2F_B,0.004
3A4U_A_3A4U_B,0.009
3A5Z_C_3A5Z_D,0.004
3ABD_X_3ABD_A,0.018
3ABQ_D_3ABQ_C,0.009
3AJB_B_3AJB_A,0.457
3AU4_B_3AU4_A,0.005
3AWU_A_3AWU_B,0.006
3AYH_A_3AYH_B,0.589
3B08_G_3B08_H,0.015
3B0D_C_3B0D_B,0.638
3BES_L_3BES_R,0.017
3BG1_A_3BG1_B,0.004
3BH7_A_3BH7_B,0.013
3BK3_A_3BK3_C,0.021
3BRV_C_3BRV_B,0.012
3BTP_A_3BTP_B,0.022
3BY4_B_3BY4_A,0.021
3C0T_A_3C0T_B,0.033
3CF4_G_3CF4_A,0.015
3CH5_A_3CH5_B,0.008
3CPT_B_3CPT_A,0.728
3CQC_B_3CQC_A,0.497
3CR3_B_3CR3_D,0.006
3CX8_A_3CX8_B,0.024
3D31_A_3D31_C,0.022
3D6N_B_3D6N_A,0.003
3DBO_B_3DBO_A,0.413
3DDC_A_3DDC_B,0.005
3DGP_A_3DGP_B,0.716
3DOE_A_3DOE_B,0.015
3DWG_A_3DWG_C,0.036
3E0J_A_3E0J_B,0.229
3E5A_A_3E5A_B,0.007
3EAB_A_3EAB_G,0.067
3EGG_A_3EGG_C,0.014
3EUH_A_3EUH_C,0.005
3F1S_B_3F1S_A,0.027
3F3F_B_3F3F_D,0.006
3F62_B_3F62_A,0.006
3FBI_B_3FBI_A,0.012
3FIE_C_3FIE_A,0.015
3FJU_A_3FJU_B,0.019
3FWB_B_3FWB_A,0.008
3G5O_D_3G5O_C,0.052
3G9V_C_3G9V_D,0.004
3G9W_D_3G9W_A,0.01
3GCG_A_3GCG_B,0.009
3GQI_B_3GQI_A,0.006
3GZ2_P_3GZ2_B,0.062
3H4S_A_3H4S_E,0.014
3H7H_B_3H7H_A,0.539
3HI2_B_3HI2_A,0.436
3HMX_B_3HMX_A,0.003
3HRZ_D_3HRZ_C,0.005
3HTK_B_3HTK_C,0.394
3HUG_I_3HUG_J,0.013
3HZH_A_3HZH_B,0.006
3IAB_A_3IAB_B,0.285
3IAX_B_3IAX_A,0.008
3IEC_B_3IEC_F,0.01
3IHP_C_3IHP_A,0.01
3IHQ_B_3IHQ_A,0.009
3IM4_A_3IM4_C,0.045
3IMA_A_3IMA_B,0.014
3ISM_A_3ISM_C,0.014
3JQO_l_3JQO_k,0.151
3K51_B_3K51_A,0.004
3K6G_E_3K6G_B,0.05
3K7V_C_3K7V_A,0.024
3K8P_D_3K8P_C,0.005
3KBU_D_3KBU_A,0.002
3KF6_A_3KF6_B,0.377
3KMU_B_3KMU_A,0.01
3KND_A_3KND_B,0.011
3KP1_A_3KP1_E,0.1
3KSE_D_3KSE_A,0.012
3KXE_C_3KXE_A,0.532
3KYI_B_3KYI_A,0.016
3KYS_B_3KYS_A,0.006
3L2O_B_3L2O_A,0.006
3L82_A_3L82_B,0.004
3LCB_C_3LCB_B,0.011
3LPE_A_3LPE_B,0.83
3LQC_A_3LQC_B,0.003
3LQV_B_3LQV_Q,0.057
3LVK_A_3LVK_B,0.016
3M0D_D_3M0D_C,0.008
3M1C_B_3M1C_A,0.128
3M4W_E_3M4W_A,0.011
3M91_A_3M91_B,0.099
3MDY_B_3MDY_A,0.008
3ME0_A_3ME0_B,0.005
3MJH_C_3MJH_D,0.008
3MML_A_3MML_B,0.514
3MMY_C_3MMY_D,0.006
3MN5_A_3MN5_S,0.011
3MSX_A_3MSX_B,0.004
3MXN_A_3MXN_B,0.332
3MZK_D_3MZK_C,0.004
3N3A_B_3N3A_C,0.071
3N3K_B_3N3K_A,0.007
3N9N_C_3N9N_A,0.008
3N9U_C_3N9U_B,0.01
3NCE_A_3NCE_B,0.005
3NFG_C_3NFG_D,0.32
3NY7_B_3NY7_A,0.007
3NYB_B_3NYB_A,0.056
3O65_F_3O65_E,0.006
3O6Q_A_3O6Q_D,0.064
3OAK_A_3OAK_D,0.113
3OHM_B_3OHM_A,0.003
3OIQ_B_3OIQ_A,0.029
3OLM_A_3OLM_D,0.005
3OQ3_B_3OQ3_A,0.003
3P71_C_3P71_T,0.003
3PCR_B_3PCR_A,0.005
3PEV_A_3PEV_B,0.046
3PIN_A_3PIN_B,0.01
3PNL_A_3PNL_B,0.017
3PNR_A_3PNR_B,0.012
3PVL_A_3PVL_B,0.007
3PZD_B_3PZD_A,0.003
3Q33_B_3Q33_A,0.01
3Q3J_B_3Q3J_A,0.028
3Q87_A_3Q87_B,0.009
3QBT_C_3QBT_D,0.016
3QDR_B_3QDR_A,0.022
3QKS_C_3QKS_A,0.017
3QN1_B_3QN1_A,0.008
3QVG_B_3QVG_A,0.012
3QWZ_A_3QWZ_B,0.006
3R07_A_3R07_C,0.134
3R2D_J_3R2D_A,0.011
3R84_V_3R84_U,0.336
3RNQ_A_3RNQ_B,0.026
3S9D_A_3S9D_B,0.005
3SBT_B_3SBT_A,0.002
3SGJ_A_3SGJ_C,0.009
3SJA_A_3SJA_D,0.158
3T12_A_3T12_C,0.007
3T6G_A_3T6G_B,0.004
3T97_C_3T97_B,0.019
3TBI_B_3TBI_A,0.002
3TL8_G_3TL8_K,0.009
3TND_A_3TND_B,0.137
3TUF_B_3TUF_A,0.753
3TVJ_B_3TVJ_I,0.019
3TVT_A_3TVT_B,0.017
3TW8_D_3TW8_C,0.005
3TX7_B_3TX7_A,0.008
3U1J_E_3U1J_B,0.011
3U6X_D_3U6X_Y,0.005
3U88_M_3U88_C,0.013
3U9Z_A_3U9Z_C,0.003
3UKY_B_3UKY_C,0.009
3ULY_A_3ULY_B,0.008
3UTM_B_3UTM_C,0.007
3V4Y_A_3V4Y_B,0.003
3V96_B_3V96_A,0.041
3VA2_A_3VA2_C,0.004
3VEP_A_3VEP_C,0.015
3VHL_B_3VHL_A,0.019
3VHX_A_3VHX_B,0.016
3VIQ_B_3VIQ_A,0.405
3VMF_A_3VMF_B,0.004
3VU9_B_3VU9_A,0.006
3VUX_B_3VUX_E,0.038
3W15_A_3W15_C,0.044
3W1Y_C_3W1Y_A,0.006
3W5U_H_3W5U_E,0.007
3WDG_A_3WDG_B,0.062
3WFD_C_3WFD_B,0.021
3WKR_A_3WKR_C,0.1
3WRY_D_3WRY_B,0.006
3WSO_B_3WSO_A,0.009
3WWN_A_3WWN_B,0.02
3WWQ_D_3WWQ_F,0.021
3WWT_A_3WWT_B,0.01
3WXF_B_3WXF_A,0.007
3WXM_A_3WXM_B,0.002
3ZDL_B_3ZDL_A,0.036
3ZS9_A_3ZS9_D,0.028
4A49_B_4A49_A,0.008
4A8J_D_4A8J_E,0.141
4AF3_A_4AF3_D,0.008
4AQR_D_4AQR_A,0.045
4AYD_A_4AYD_D,0.012
4B1V_B_4B1V_N,0.01
4BD9_B_4BD9_A,0.007
4BJJ_A_4BJJ_B,0.553
4BQ6_A_4BQ6_D,0.064
4BRW_A_4BRW_B,0.011
4BSZ_A_4BSZ_B,0.004
4BX9_A_4BX9_C,0.614
4C0H_B_4C0H_D,0.211
4C9B_A_4C9B_B,0.003
4C9R_C_4C9R_D,0.007
4CC9_B_4CC9_C,0.016
4CCG_A_4CCG_X,0.008
4CCN_D_4CCN_B,0.012
4CFR_Q_4CFR_B,0.054
4CGY_A_4CGY_B,0.178
4CI6_A_4CI6_B,0.005
4CJ2_A_4CJ2_D,0.012
4CLQ_B_4CLQ_A,0.031
4CMM_B_4CMM_A,0.008
4CO6_C_4CO6_E,0.034
4CRY_G_4CRY_B,0.045
4CT0_A_4CT0_B,0.006
4CXF_A_4CXF_B,0.03
4CYM_D_4CYM_A,0.011
4D0N_A_4D0N_B,0.006
4DCK_C_4DCK_A,0.011
4DGL_C_4DGL_B,0.013
4DH2_B_4DH2_A,0.058
4DHI_D_4DHI_B,0.02
4DID_A_4DID_B,0.025
4DVG_A_4DVG_B,0.007
4DX8_H_4DX8_B,0.038
4DXR_B_4DXR_A,0.049
4E6K_D_4E6K_H,0.029
4E6N_A_4E6N_B,0.177
4EB5_A_4EB5_C,0.008
4EN2_B_4EN2_A,0.007
4EOZ_C_4EOZ_D,0.012
4ETP_A_4ETP_B,0.031
4F6U_A_4F6U_B,0.008
4F8C_B_4F8C_A,0.014
4F9C_A_4F9C_B,0.015
4FBW_A_4FBW_C,0.008
4FJV_B_4FJV_A,0.007
4FOU_A_4FOU_C,0.026
4FQ3_B_4FQ3_A,0.006
4FXE_B_4FXE_E,0.009
4FXW_B_4FXW_A,0.009
4G2V_B_4G2V_A,0.032
4G6U_A_4G6U_B,0.016
4GAF_A_4GAF_B,0.019
4GF3_B_4GF3_A,0.003
4GS7_A_4GS7_C,0.004
4GXB_B_4GXB_A,0.013
4H3H_B_4H3H_A,0.029
4HFK_A_4HFK_B,0.103
4HH3_A_4HH3_C,0.007
4HI8_B_4HI8_A,0.017
4HKC_A_4HKC_B,0.109
4HNY_B_4HNY_A,0.009
4HPM_C_4HPM_D,0.014
4HSU_C_4HSU_A,0.015
4HX3_H_4HX3_G,0.008
4I6N_B_4I6N_A,0.004
4I98_A_4I98_C,0.282
4I9X_C_4I9X_B,0.005
4IAO_A_4IAO_C,0.009
4IN3_C_4IN3_D,0.352
4ITR_C_4ITR_B,0.005
4IUM_B_4IUM_A,0.004
4IW3_K_4IW3_J,0.01
4JMF_A_4JMF_B,0.018
4JOI_B_4JOI_C,0.007
4JQU_A_4JQU_B,0.008
4K1R_D_4K1R_C,0.043
4KBB_D_4KBB_B,0.01
4KFZ_A_4KFZ_C,0.022
4KMO_A_4KMO_B,0.193
4KT5_C_4KT5_A,0.029
4KT6_C_4KT6_D,0.012
4KYO_A_4KYO_B,0.004
4L0Z_B_4L0Z_A,0.011
4L63_C_4L63_A,0.006
4LD3_A_4LD3_B,0.029
4LJO_B_4LJO_A,0.005
4LL1_B_4LL1_A,0.006
4LN0_B_4LN0_C,0.052
4LRT_A_4LRT_B,0.004
4LX3_A_4LX3_B,0.667
4M0W_B_4M0W_A,0.045
4M1U_A_4M1U_E,0.022
4M69_A_4M69_B,0.003
4M70_I_4M70_J,0.015
4MCT_A_4MCT_B,0.088
4ME7_F_4ME7_C,0.033
4MOY_A_4MOY_B,0.007
4N3Y_A_4N3Y_C,0.016
4NDN_B_4NDN_F,0.007
4NQW_A_4NQW_B,0.018
4NRH_A_4NRH_D,0.032
4NUT_A_4NUT_B,0.007
4NWO_A_4NWO_B,0.009
4NWP_C_4NWP_E,0.005
4OJK_C_4OJK_A,0.017
4OV6_G_4OV6_E,0.015
4OY2_F_4OY2_E,0.279
4P6I_D_4P6I_A,0.036
4P78_D_4P78_A,0.033
4PBY_D_4PBY_B,0.013
4PER_B_4PER_A,0.008
4PKF_A_4PKF_C,0.213
4Q2U_A_4Q2U_B,0.016
4Q35_A_4Q35_B,0.091
4QAF_A_4QAF_D,0.012
4QAM_B_4QAM_A,0.012
4QLB_E_4QLB_A,0.01
4QLP_B_4QLP_A,0.008
4QPJ_C_4QPJ_A,0.013
4QPL_B_4QPL_A,0.004
4QTT_C_4QTT_D,0.152
4R10_B_4R10_A,0.004
4R3U_A_4R3U_C,0.013
4R6U_D_4R6U_A,0.003
4RGW_A_4RGW_B,0.518
4ROC_B_4ROC_A,0.011
4RS1_A_4RS1_B,0.014
4RT6_B_4RT6_A,0.019
4S0H_B_4S0H_E,0.009
4TPS_D_4TPS_C,0.028
4TQ1_A_4TQ1_B,0.013
4U65_A_4U65_E,0.027
4UAF_B_4UAF_E,0.005
4UE8_A_4UE8_B,0.016
4UE9_A_4UE9_B,0.007
4UFR_A_4UFR_B,0.003
4UI1_A_4UI1_D,0.024
4US0_R_4US0_S,0.003
4UZY_B_4UZY_A,0.007
4UZZ_B_4UZZ_A,0.149
4V0X_A_4V0X_B,0.023
4W4O_C_4W4O_A,0.002
4WEM_A_4WEM_B,0.007
4WMA_D_4WMA_A,0.031
4WNL_D_4WNL_E,0.021
4WSI_X_4WSI_A,0.012
4WV4_A_4WV4_B,0.017
4WW7_A_4WW7_B,0.573
4WX8_E_4WX8_B,0.156
4X8K_A_4X8K_B,0.472
4XD9_A_4XD9_B,0.583
4XDN_A_4XDN_B,0.109
4XGA_B_4XGA_A,0.01
4XH9_E_4XH9_D,0.002
4XIZ_A_4XIZ_N,0.549
4XLG_A_4XLG_B,0.285
4XPN_A_4XPN_B,0.032
4XSG_A_4XSG_B,0.008
4XT1_A_4XT1_B,0.004
4XWJ_B_4XWJ_A,0.005
4XXB_A_4XXB_B,0.02
4XZR_B_4XZR_A,0.009
4YII_U_4YII_A,0.013
4YK8_A_4YK8_B,0.635
4YL8_B_4YL8_A,0.051
4YMU_J_4YMU_C,0.004
4YON_B_4YON_A,0.005
4YYP_A_4YYP_B,0.046
4Z3U_B_4Z3U_A,0.006
4Z6Y_A_4Z6Y_D,0.011
4Z80_A_4Z80_C,0.01
4Z8L_E_4Z8L_F,0.022
4Z96_A_4Z96_C,0.01
4ZHY_B_4ZHY_A,0.006
4ZJB_G_4ZJB_B,0.009
4ZJV_A_4ZJV_C,0.009
4ZK9_B_4ZK9_A,0.014
4ZP3_A_4ZP3_M,0.046
4ZRI_C_4ZRI_A,0.017
4ZRK_G_4ZRK_C,0.02
4ZRP_C_4ZRP_A,0.005
5ABV_F_5ABV_E,0.05
5AJJ_B_5AJJ_A,0.016
5AQV_A_5AQV_B,0.007
5B0O_C_5B0O_G,0.022
5B5W_U_5B5W_A,0.005
5B64_A_5B64_B,0.006
5B83_D_5B83_F,0.005
5BQC_A_5BQC_B,0.208
5BZ0_B_5BZ0_A,0.011
5C2J_B_5C2J_A,0.004
5C46_F_5C46_E,0.003
5CCB_B_5CCB_A,0.529
5CGQ_A_5CGQ_B,0.2
5CJP_A_5CJP_E,0.012
5CLL_A_5CLL_B,0.016
5CM2_M_5CM2_Z,0.018
5CM8_B_5CM8_A,0.004
5CSF_B_5CSF_C,0.047
5CX3_E_5CX3_A,0.035
5CYZ_A_5CYZ_C,0.006
5D1M_A_5D1M_B,0.003
5D6H_A_5D6H_B,0.013
5DA9_C_5DA9_A,0.02
5DMB_D_5DMB_A,0.3
5DMV_C_5DMV_D,0.009
5E8J_B_5E8J_D,0.486
5EE5_B_5EE5_A,0.014
5EOF_C_5EOF_B,0.016
5EP6_B_5EP6_A,0.022
5ET0_D_5ET0_C,0.003
5F1B_A_5F1B_C,0.018
5F4E_B_5F4E_A,0.003
5F5S_A_5F5S_B,0.006
5F5T_A_5F5T_C,0.003
5F74_B_5F74_A,0.011
5F84_B_5F84_A,0.005
5FC8_E_5FC8_C,0.008
5FIR_C_5FIR_D,0.032
5FVD_B_5FVD_A,0.012
5G1X_B_5G1X_A,0.002
5GJK_A_5GJK_B,0.01
5GK9_B_5GK9_A,0.019
5GQQ_B_5GQQ_D,0.012
5H07_A_5H07_D,0.005
5H2W_C_5H2W_D,0.008
5HK5_A_5HK5_E,0.01
5HPS_A_5HPS_B,0.012
5HU3_B_5HU3_A,0.011
5HXG_C_5HXG_D,0.008
5IBK_C_5IBK_A,0.012
5IBW_C_5IBW_A,0.049
5IFG_B_5IFG_A,0.011
5IFS_B_5IFS_A,0.007
5IIB_A_5IIB_B,0.006
5IMT_D_5IMT_A,0.01
5INB_A_5INB_B,0.005
5IUK_F_5IUK_E,0.008
5J1S_B_5J1S_A,0.015
5J43_E_5J43_F,0.012
5JAA_D_5JAA_A,0.247
5JEJ_A_5JEJ_D,0.016
5JEN_B_5JEN_A,0.018
5JFZ_E_5JFZ_F,0.564
5JG6_B_5JG6_A,0.021
5JPO_A_5JPO_E,0.05
5JQY_B_5JQY_A,0.003
5JW7_B_5JW7_A,0.009
5JW9_A_5JW9_B,0.018
5JWO_A_5JWO_B,0.006
5K04_B_5K04_A,0.238
5K23_A_5K23_C,0.009
5KBX_B_5KBX_A,0.022
5KP7_B_5KP7_A,0.006
5KWY_C_5KWY_B,0.007
5KXH_B_5KXH_A,0.014
5L6N_H_5L6N_I,0.006
5L6W_C_5L6W_L,0.021
5L8H_B_5L8H_A,0.007
5LB7_B_5LB7_A,0.331
5LDA_B_5LDA_A,0.085
5LG4_A_5LG4_B,0.003
5LGD_A_5LGD_B,0.003
5LPU_B_5LPU_D,0.004
5LSB_A_5LSB_B,0.023
5LSI_D_5LSI_E,0.431
5LXR_A_5LXR_B,0.042
5M5E_D_5M5E_C,0.006
5M72_A_5M72_B,0.418
5MJ3_A_5MJ3_B,0.008
5MU7_B_5MU7_A,0.015
5NT7_D_5NT7_C,0.028
5NVL_C_5NVL_D,0.02
5SZH_B_5SZH_A,0.01
5T46_C_5T46_D,0.009
5T48_A_5T48_B,0.015
5TAR_A_5TAR_B,0.021
5TCS_A_5TCS_C,0.007
5TDY_C_5TDY_D,0.21
5UA4_A_5UA4_B,0.064
5UNI_B_5UNI_A,0.613
5UQ2_A_5UQ2_B,0.016
5VJI_D_5VJI_F,0.191
5VXZ_D_5VXZ_B,0.01
5WGB_A_5WGB_B,0.267
5WUR_A_5WUR_C,0.014
5WXM_B_5WXM_V,0.591
5WY5_B_5WY5_A,0.266
5WYL_D_5WYL_C,0.372
5X1E_A_5X1E_C,0.008
5X3T_C_5X3T_D,0.011
5X5W_C_5X5W_D,0.011
5XBF_A_5XBF_B,0.004
5XSJ_L_5XSJ_X,0.017
5N9J_S_5N9J_W,0.061
5N9J_A_5N9J_G,0.005
5N9J_S_5N9J_Z,0.014
5N9J_W_5N9J_U,0.12
5N9J_R_5N9J_A,0.201
5N9J_A_5N9J_D,0.006
5N9J_S_5N9J_U,0.328
5N9J_E_5N9J_A,0.049
5N9J_E_5N9J_G,0.004
5N9J_R_5N9J_G,0.009
5N9J_S_5N9J_G,0.007
5N9J_C_5N9J_B,0.076
5N9J_E_5N9J_C,0.006
5N9J_B_5N9J_G,0.008
5N9J_Z_5N9J_U,0.006
5N9J_B_5N9J_D,0.467
5N9J_A_5N9J_B,0.315
5N9J_E_5N9J_B,0.371
5N9J_C_5N9J_A,0.008
5N9J_S_5N9J_A,0.007
5N9J_G_5N9J_D,0.008
4HEA_E_4HEA_D,0.006
4HEA_5_4HEA_9,0.03
4HEA_E_4HEA_O,0.035
4HEA_A_4HEA_6,0.208
4HEA_7_4HEA_9,0.017
4HEA_4_4HEA_6,0.078
4HEA_H_4HEA_4,0.012
4HEA_3_4HEA_9,0.006
4HEA_D_4HEA_X,0.005
4HEA_5_4HEA_3,0.005
4HEA_Q_4HEA_G,0.018
4HEA_F_4HEA_X,0.021
4HEA_6_4HEA_W,0.069
4HEA_6_4HEA_9,0.027
4HEA_D_4HEA_B,0.008
4HEA_Q_4HEA_R,0.081
4HEA_5_4HEA_4,0.205
4HEA_D_4HEA_I,0.013
4HEA_Q_4HEA_P,0.069
4HEA_5_4HEA_6,0.038
4HEA_Q_4HEA_O,0.074
2PMZ_Q_2PMZ_W,0.004
2PMZ_E_2PMZ_K,0.004
2PMZ_B_2PMZ_N,0.003
2PMZ_H_2PMZ_K,0.086
2PMZ_V_2PMZ_G,0.224
2PMZ_A_2PMZ_L,0.02
2PMZ_B_2PMZ_P,0.007
2PMZ_A_2PMZ_H,0.02
2PMZ_T_2PMZ_G,0.004
3H0G_B_3H0G_L,0.006
4QIW_J_4QIW_Q,0.008
3M9S_3_3M9S_F,0.007
4XGC_A_4XGC_B,0.003
4XGC_A_4XGC_D,0.004
4XGC_B_4XGC_C,0.018
4XGC_B_4XGC_E,0.004
4XGC_D_4XGC_E,0.01
4XGC_A_4XGC_E,0.003
4XGC_C_4XGC_E,0.004
4XGC_F_4XGC_C,0.047
5I2D_H_5I2D_A,0.004
5I2D_G_5I2D_F,0.005
4XLR_C_4XLR_M,0.002
4D18_F_4D18_B,0.024
4D18_F_4D18_A,0.012
4D18_J_4D18_I,0.003
4D18_M_4D18_J,0.003
4D18_M_4D18_N,0.008
4D18_E_4D18_H,0.007
4H63_V_4H63_R,0.022
5FU7_E_5FU7_G,0.013
5FU7_A_5FU7_B,0.326
5FU7_A_5FU7_D,0.017
5FU7_C_5FU7_D,0.014
5FU7_C_5FU7_B,0.011
5LSJ_C_5LSJ_Q,0.002
5LSJ_B_5LSJ_D,0.003
5LSJ_E_5LSJ_G,0.004
5LSJ_C_5LSJ_G,0.003
5LSJ_A_5LSJ_D,0.005
5LSK_N_5LSK_P,0.001
3GLI_A_3GLI_B,0.006
3GLI_F_3GLI_J,0.011
4P5O_C_4P5O_F,0.007
4P5O_G_4P5O_D,0.015
4P5O_K_4P5O_B,0.036
4P5O_G_4P5O_C,0.001
4P6V_F_4P6V_A,0.002
4P6V_F_4P6V_C,0.031
4P6V_B_4P6V_A,0.006
4P6V_D_4P6V_C,0.024
4WJ3_P_4WJ3_A,0.007
1P9M_A_1P9M_C,0.002
1P9M_C_1P9M_B,0.004
1Q90_R_1Q90_A,0.13
1Q90_D_1Q90_C,0.012
2F8X_K_2F8X_C,0.006
2F8X_K_2F8X_M,0.009
2F8X_C_2F8X_M,0.003
3MK7_G_3MK7_I,0.104
3MK7_D_3MK7_E,0.005
3MK7_E_3MK7_F,0.019
3O4O_C_3O4O_B,0.007
3O4O_C_3O4O_A,0.007
3O4O_A_3O4O_B,0.003
3U60_C_3U60_G,0.005
4B8C_D_4B8C_H,0.004
4B8C_D_4B8C_A,0.008
4B8C_H_4B8C_C,0.457
4FAO_b_4FAO_d,0.009
4FAO_W_4FAO_d,0.006
4FAO_M_4FAO_Q,0.007
4OO1_J_4OO1_H,0.006
4OO1_J_4OO1_C,0.013
5FFO_D_5FFO_B,0.004
5FFO_G_5FFO_A,0.006
5HZK_D_5HZK_A,0.006
5HZK_D_5HZK_C,0.005
5O7X_I_5O7X_G,0.009
5O7X_F_5O7X_E,0.041
1UF2_K_1UF2_A,0.005
2NN6_F_2NN6_I,0.009
2NN6_I_2NN6_G,0.018
3DIN_A_3DIN_E,0.005
3DIN_A_3DIN_C,0.006
3HD7_F_3HD7_G,0.12
3HD7_F_3HD7_E,0.015
3IKO_H_3IKO_I,0.309
3V11_A_3V11_B,0.003
3V11_A_3V11_C,0.03
3WO4_B_3WO4_C,0.002
3WO4_A_3WO4_C,0.013
4DAY_C_4DAY_A,0.032
4DGW_B_4DGW_A,0.087
4GD3_T_4GD3_A,0.005
4JJN_L_4JJN_F,0.023
4JJN_E_4JJN_L,0.039
4Z42_C_4Z42_B,0.17
4Z42_F_4Z42_A,0.022
5B2G_A_5B2G_F,0.012
5B2G_C_5B2G_D,0.004
5BS7_E_5BS7_C,0.022
5CL1_D_5CL1_A,0.006
5DLQ_F_5DLQ_B,0.003
5DLQ_C_5DLQ_B,0.007
5JHF_F_5JHF_E,0.003
5LOP_A_5LOP_C,0.065
5O32_J_5O32_F,0.005
5UFU_A_5UFU_B,0.01
5VOB_B_5VOB_D,0.002
5VOB_B_5VOB_A,0.013
1FFT_F_1FFT_G,0.196
1GH6_B_1GH6_A,0.003
1GXD_A_1GXD_C,0.006
1HBX_G_1HBX_B,0.042
1IXR_B_1IXR_C,0.026
1LDK_A_1LDK_D,0.003
1MIU_A_1MIU_B,0.013
1OGY_O_1OGY_P,0.004
1RH5_A_1RH5_C,0.599
1RLB_E_1RLB_B,0.004
1ZT2_A_1ZT2_B,0.48
2AUH_B_2AUH_A,0.011
2B3T_B_2B3T_A,0.002
2BQ1_I_2BQ1_E,0.003
2BTV_H_2BTV_B,0.007
2FTK_E_2FTK_A,0.011
2H1L_Q_2H1L_E,0.005
2P5T_E_2P5T_F,0.384
2PF4_H_2PF4_D,0.004
2PJW_H_2PJW_V,0.441
2Q2E_B_2Q2E_A,0.014
2Q7N_A_2Q7N_B,0.013
2RF4_A_2RF4_B,0.516
2V53_A_2V53_D,0.033
2V5P_B_2V5P_C,0.015
2VCP_B_2VCP_E,0.016
2Y3A_B_2Y3A_A,0.004
2Y9Y_A_2Y9Y_B,0.004
2YJN_B_2YJN_A,0.008
2ZP8_B_2ZP8_G,0.01
2ZUP_A_2ZUP_B,0.006
3A0R_B_3A0R_A,0.017
3AB0_D_3AB0_E,0.009
3ALZ_A_3ALZ_B,0.011
3CL3_A_3CL3_D,0.003
3CUE_L_3CUE_G,0.013
3ENO_B_3ENO_F,0.72
3EUJ_B_3EUJ_A,0.027
3GYX_E_3GYX_F,0.02
3HGK_B_3HGK_E,0.014
3HHZ_A_3HHZ_K,0.006
3HJY_A_3HJY_B,0.035
3ICQ_B_3ICQ_T,0.006
3IJ2_X_3IJ2_B,0.007
3INB_D_3INB_A,0.013
3IOZ_A_3IOZ_B,0.105
3KQ4_B_3KQ4_A,0.006
3KWV_D_3KWV_F,0.005
3L3O_B_3L3O_M,0.028
3NMZ_C_3NMZ_A,0.003
3OC3_A_3OC3_C,0.016
3OTP_I_3OTP_C,0.016
3PHF_4_3PHF_3,0.231
3PXG_F_3PXG_f,0.039
3TNU_A_3TNU_B,0.021
3TUJ_C_3TUJ_A,0.003
3U7U_J_3U7U_D,0.043
3V89_B_3V89_A,0.006
3WHL_C_3WHL_D,0.004
4AJ5_I_4AJ5_S,0.053
4ANI_C_4ANI_A,0.003
4B7Y_A_4B7Y_C,0.259
4BFI_B_4BFI_A,0.003
4BK5_A_4BK5_C,0.007
4BRU_A_4BRU_B,0.017
4DCN_A_4DCN_C,0.002
4DI3_E_4DI3_C,0.01
4EAH_G_4EAH_E,0.007
4EBA_H_4EBA_C,0.002
4FMB_B_4FMB_A,0.008
4FXG_J_4FXG_B,0.004
4H1W_A_4H1W_B,0.011
4HSA_E_4HSA_F,0.004
4HZU_T_4HZU_S,0.01
4IIT_A_4IIT_B,0.012
4IZ5_A_4IZ5_G,0.009
4J7C_B_4J7C_K,0.014
4JCV_C_4JCV_E,0.101
4JHJ_C_4JHJ_A,0.031
4JLQ_A_4JLQ_B,0.024
4LL8_A_4LL8_E,0.004
4LQS_A_4LQS_B,0.006
4ODB_B_4ODB_E,0.019
4OWR_A_4OWR_C,0.005
4PLN_C_4PLN_B,0.008
4PUF_D_4PUF_B,0.022
4QPG_C_4QPG_A,0.24
4RG6_A_4RG6_S,0.003
4TQU_M_4TQU_Q,0.004
4UF5_A_4UF5_B,0.014
4UX3_A_4UX3_B,0.006
4WPX_A_4WPX_B,0.009
4WQO_D_4WQO_A,0.002
4WWX_E_4WWX_Y,0.006
4WYB_C_4WYB_D,0.011
4YFD_A_4YFD_B,0.002
4YH7_A_4YH7_B,0.002
4ZK7_W_4ZK7_E,0.009
5B16_B_5B16_A,0.123
5B4X_D_5B4X_C,0.014
5B58_B_5B58_T,0.01
5BWA_A_5BWA_B,0.005
5D3I_A_5D3I_B,0.001
5DOQ_A_5DOQ_B,0.315
5EKQ_A_5EKQ_E,0.038
5F5P_E_5F5P_G,0.007
5FL7_O_5FL7_H,0.017
5FM5_M_5FM5_P,0.034
5HXB_X_5HXB_Z,0.008
5HY3_A_5HY3_B,0.01
5IM5_A_5IM5_N,0.016
5JDO_E_5JDO_A,0.011
5JTV_B_5JTV_A,0.005
5KL1_A_5KL1_B,0.006
5KS8_A_5KS8_F,0.001
5KTB_C_5KTB_B,0.016
5LTW_G_5LTW_F,0.004
5MB9_A_5MB9_D,0.263
5NLB_A_5NLB_B,0.002
5NXB_B_5NXB_C,0.009
5SY7_A_5SY7_B,0.007
5T89_X_5T89_V,0.008
5UK4_N_5UK4_n,0.007
5V6T_B_5V6T_A,0.007
5X5Y_B_5X5Y_F,0.004
5XEQ_A_5XEQ_B,0.008
