COMPle__ID,dockq
1A0R_B_1A0R_G,0.917
1A0R_B_1A0R_P,0.991
1AN1_E_1AN1_I,0.890
1AWC_B_1AWC_A,0.023
1B33_E_1B33_N,0.022
1BH9_B_1BH9_A,0.321
1BML_D_1BML_B,0.008
1BOU_B_1BOU_A,0.012
1C9B_M_1C9B_N,0.750
1CCW_D_1CCW_C,0.008
1CI6_A_1CI6_B,0.880
1D2Z_B_1D2Z_A,0.015
1DCE_A_1DCE_B,0.996
1DHK_A_1DHK_B,0.228
1DML_E_1DML_F,0.106
1DOW_A_1DOW_B,0.089
1DP5_A_1DP5_B,0.100
1DS6_A_1DS6_B,0.040
1DX5_N_1DX5_J,0.030
1EAI_B_1EAI_D,0.780
1EEX_L_1EEX_E,0.009
1EEX_L_1EEX_M,0.991
1EGJ_L_1EGJ_A,0.022
1EM8_C_1EM8_D,0.971
1ES7_A_1ES7_B,0.949
1EXB_A_1EXB_E,0.013
1F3U_F_1F3U_E,0.308
1FFT_F_1FFT_G,0.967
1FI8_B_1FI8_E,0.050
1FM0_E_1FM0_D,0.013
1FOE_A_1FOE_B,0.960
1FS0_G_1FS0_E,0.328
1FXK_C_1FXK_A,0.008
1FYH_A_1FYH_B,0.010
1G1X_A_1G1X_C,0.873
1G4U_S_1G4U_R,0.071
1G8K_A_1G8K_B,0.150
1GH6_B_1GH6_A,0.010
1GHQ_A_1GHQ_B,0.028
1GL2_B_1GL2_A,0.172
1GL2_C_1GL2_B,0.292
1GL2_C_1GL2_D,0.156
1GL2_D_1GL2_A,0.172
1GL4_A_1GL4_B,0.052
1GNG_A_1GNG_X,0.026
1GO3_E_1GO3_F,0.923
1GO4_B_1GO4_F,0.103
1GOT_A_1GOT_B,0.942
1GVN_D_1GVN_C,0.246
1GXD_A_1GXD_C,0.007
1GZS_A_1GZS_B,0.851
1H2S_A_1H2S_B,0.020
1H2T_C_1H2T_Z,0.361
1H3O_B_1H3O_A,0.335
1H59_A_1H59_B,0.919
1H9D_C_1H9D_D,0.859
1H9H_E_1H9H_I,0.939
1HBX_G_1HBX_B,0.011
1HFE_L_1HFE_S,0.020
1I1R_A_1I1R_B,0.010
1I4D_A_1I4D_D,0.016
1I7Q_C_1I7Q_D,0.889
1I7W_C_1I7W_D,0.927
1IAR_B_1IAR_A,0.013
1IK9_A_1IK9_C,0.015
1IKN_A_1IKN_D,0.011
1IS8_H_1IS8_S,0.014
1IXR_C_1IXR_B,0.325
1J2J_A_1J2J_B,0.542
1J34_A_1J34_C,0.037
1JB0_A_1JB0_C,0.062
1JB0_A_1JB0_D,0.979
1JB0_A_1JB0_E,0.913
1JB0_A_1JB0_F,0.954
1JB0_C_1JB0_E,0.961
1JB0_D_1JB0_C,0.335
1JB0_F_1JB0_J,0.949
1JB0_L_1JB0_D,0.311
1JMU_F_1JMU_I,0.005
1JNR_A_1JNR_B,0.021
1JQL_A_1JQL_B,0.973
1JR3_B_1JR3_E,0.443
1JSU_A_1JSU_B,0.968
1JSU_A_1JSU_C,0.849
1K8K_A_1K8K_D,0.009
1K8K_A_1K8K_E,0.991
1K8K_A_1K8K_F,0.010
1K8K_C_1K8K_F,0.045
1K8K_C_1K8K_G,0.008
1K8K_D_1K8K_F,0.166
1K8K_F_1K8K_G,0.012
1KA9_F_1KA9_H,0.138
1KF6_B_1KF6_D,0.011
1KF6_C_1KF6_D,0.591
1KF6_M_1KF6_N,0.962
1KF6_N_1KF6_O,0.008
1KKM_A_1KKM_I,0.026
1KMI_Z_1KMI_Y,0.007
1KQF_A_1KQF_B,0.005
1KQF_B_1KQF_C,0.042
1KXP_D_1KXP_A,0.334
1L0O_B_1L0O_C,0.029
1L1O_C_1L1O_B,0.313
1L1O_E_1L1O_D,0.335
1LDJ_A_1LDJ_B,0.214
1LDK_A_1LDK_D,0.010
1LQB_C_1LQB_B,0.336
1LQV_A_1LQV_C,0.036
1LRW_A_1LRW_B,0.012
1LTS_E_1LTS_C,0.029
1M1E_A_1M1E_B,0.989
1M56_B_1M56_I,0.008
1M56_C_1M56_D,0.013
1MIU_A_1MIU_B,0.289
1MNM_B_1MNM_C,0.017
1MQS_A_1MQS_B,0.006
1N2D_A_1N2D_C,0.098
1N6J_A_1N6J_G,0.031
1NBW_A_1NBW_B,0.841
1NF3_B_1NF3_D,0.009
1NH2_A_1NH2_C,0.074
1NH2_A_1NH2_D,0.983
1NH2_D_1NH2_C,0.033
1NPE_A_1NPE_B,0.011
1NU7_H_1NU7_F,0.334
1O6O_C_1O6O_E,0.010
1OF5_A_1OF5_B,0.912
1OFH_A_1OFH_G,0.008
1OGY_O_1OGY_P,0.008
1OQE_I_1OQE_Q,0.947
1OR7_B_1OR7_F,0.847
1ORY_A_1ORY_B,0.908
1OTC_A_1OTC_B,0.994
1OW3_A_1OW3_B,0.009
1P3Q_V_1P3Q_R,0.033
1P9M_A_1P9M_C,0.004
1P9M_C_1P9M_B,0.213
1PBY_A_1PBY_C,0.261
1PG5_A_1PG5_B,0.998
1PRT_B_1PRT_D,0.994
1PRT_B_1PRT_F,0.994
1PRT_E_1PRT_F,0.983
1PRT_G_1PRT_K,0.996
1PRT_G_1PRT_L,0.998
1PXV_B_1PXV_D,0.014
1Q90_A_1Q90_R,0.088
1Q90_D_1Q90_C,0.015
1QGK_A_1QGK_B,0.033
1QS0_A_1QS0_B,0.015
1QZ7_A_1QZ7_B,0.004
1R0R_E_1R0R_I,0.951
1R4A_A_1R4A_E,0.028
1R5I_D_1R5I_A,0.010
1R6O_B_1R6O_D,0.810
1RH5_A_1RH5_C,0.020
1RLB_E_1RLB_B,0.021
1RP3_E_1RP3_F,0.019
1S64_F_1S64_E,0.329
1S6V_C_1S6V_B,0.007
1S70_A_1S70_B,0.006
1SBW_A_1SBW_I,0.977
1SKR_A_1SKR_B,0.999
1SQ2_L_1SQ2_N,0.048
1SR4_B_1SR4_A,0.008
1SXJ_B_1SXJ_G,0.004
1T0F_A_1T0F_C,0.528
1T0P_A_1T0P_B,0.912
1T6G_B_1T6G_D,0.010
1TAF_B_1TAF_A,0.337
1TBR_K_1TBR_S,0.920
1TH8_A_1TH8_B,0.906
1TII_E_1TII_C,0.024
1TTW_A_1TTW_B,0.942
1U2G_B_1U2G_C,0.012
1U35_C_1U35_F,0.023
1UB4_A_1UB4_C,0.083
1UF2_A_1UF2_K,0.069
1UNL_A_1UNL_D,0.992
1UW4_D_1UW4_C,0.028
1VG9_A_1VG9_B,0.913
1W85_B_1W85_I,0.068
1W85_C_1W85_D,0.671
1WA5_C_1WA5_A,0.132
1WDD_E_1WDD_W,0.950
1WTH_A_1WTH_D,0.002
1WUI_L_1WUI_S,0.334
1WVE_A_1WVE_C,0.070
1WWW_V_1WWW_Y,0.019
1WYW_A_1WYW_B,0.011
1X3Z_A_1X3Z_B,0.080
1XDT_T_1XDT_R,0.024
1XF6_C_1XF6_A,0.016
1XKP_A_1XKP_C,0.006
1XOU_B_1XOU_A,0.265
1XRS_A_1XRS_B,0.008
1XU2_A_1XU2_R,0.853
1Y56_A_1Y56_B,0.251
1Y96_B_1Y96_A,0.324
1YA5_B_1YA5_T,0.019
1YAR_S_1YAR_C,0.006
1YC0_A_1YC0_I,0.905
1YFN_A_1YFN_E,0.025
1YHN_A_1YHN_B,0.039
1YKH_B_1YKH_A,0.318
1YTZ_C_1YTZ_I,0.017
1Z0J_A_1Z0J_B,0.050
1Z2C_B_1Z2C_A,0.309
1ZAV_A_1ZAV_V,0.034
1ZBD_A_1ZBD_B,0.045
1ZOQ_A_1ZOQ_C,0.962
1ZQ1_C_1ZQ1_A,0.015
1ZR0_A_1ZR0_B,0.954
1ZT2_A_1ZT2_B,0.005
1ZUN_B_1ZUN_A,0.027
2A1J_B_2A1J_A,0.335
2A40_A_2A40_B,0.950
2A40_D_2A40_F,0.979
2A5Y_B_2A5Y_A,0.101
2A6Q_C_2A6Q_F,0.962
2AQ2_B_2AQ2_A,0.210
2ARP_F_2ARP_A,0.020
2AS5_N_2AS5_F,0.019
2AST_B_2AST_C,0.044
2AUH_A_2AUH_B,0.011
2AVU_E_2AVU_B,0.016
2AW2_A_2AW2_B,0.073
2AZE_B_2AZE_C,0.014
2B1X_A_2B1X_B,0.907
2B3T_B_2B3T_A,0.004
2B4J_A_2B4J_D,0.015
2B5L_A_2B5L_C,0.778
2B9S_A_2B9S_B,0.633
2BA1_E_2BA1_B,0.315
2BEC_A_2BEC_B,0.513
2BH1_A_2BH1_X,0.048
2BKR_A_2BKR_B,0.585
2BO9_A_2BO9_B,0.030
2BQ1_E_2BQ1_I,0.007
2BRQ_A_2BRQ_C,0.863
2BS2_B_2BS2_C,0.817
2BTV_B_2BTV_H,0.003
2C1M_A_2C1M_B,0.018
2C4F_L_2C4F_U,0.968
2C7M_B_2C7M_A,0.020
2CG5_A_2CG5_B,0.128
2CLY_A_2CLY_C,0.695
2CLY_B_2CLY_C,0.016
2CLY_E_2CLY_D,0.004
2CZV_A_2CZV_C,0.770
2D1K_A_2D1K_C,0.967
2D1P_D_2D1P_F,0.027
2D7C_A_2D7C_C,0.095
2DOQ_B_2DOQ_D,0.014
2DZO_C_2DZO_D,0.980
2E31_A_2E31_B,0.933
2EHB_A_2EHB_D,0.847
2EQ7_B_2EQ7_C,0.008
2EQB_A_2EQB_B,0.018
2ES4_B_2ES4_E,0.014
2EX3_A_2EX3_B,0.009
2F2C_B_2F2C_A,0.242
2F3C_E_2F3C_I,0.989
2F4M_A_2F4M_B,0.076
2F8X_C_2F8X_K,0.004
2F8X_C_2F8X_M,0.039
2F8X_K_2F8X_M,0.038
2F91_A_2F91_B,0.936
2F9I_A_2F9I_B,0.906
2FD6_H_2FD6_U,0.008
2FD6_U_2FD6_A,0.324
2FDB_P_2FDB_M,0.326
2FH5_B_2FH5_A,0.041
2FHZ_A_2FHZ_B,0.688
2FM8_C_2FM8_A,0.012
2FMM_E_2FMM_C,0.040
2FTK_A_2FTK_E,0.012
2FU5_A_2FU5_D,0.061
2FYU_A_2FYU_C,0.998
2FYU_A_2FYU_G,1.000
2FYU_A_2FYU_I,0.054
2FYU_A_2FYU_K,0.011
2FYU_C_2FYU_D,0.996
2FYU_C_2FYU_E,0.793
2FYU_C_2FYU_F,0.990
2FYU_C_2FYU_G,0.008
2FYU_D_2FYU_G,0.998
2FYU_D_2FYU_H,0.992
2FYU_D_2FYU_J,0.010
2FYU_F_2FYU_G,0.026
2FYU_J_2FYU_K,0.997
2G48_B_2G48_D,0.009
2G77_A_2G77_B,0.008
2GAF_D_2GAF_A,0.334
2GAG_A_2GAG_C,0.032
2GAG_A_2GAG_D,0.009
2GAG_B_2GAG_D,0.012
2GAG_C_2GAG_D,0.047
2GH0_A_2GH0_C,0.190
2GWW_A_2GWW_B,0.652
2H1L_E_2H1L_Q,0.008
2H32_B_2H32_A,0.328
2H9E_H_2H9E_C,0.015
2HSN_A_2HSN_B,0.056
2HTM_C_2HTM_G,0.806
2HVY_D_2HVY_C,0.027
2HYI_A_2HYI_D,0.012
2HYI_C_2HYI_D,0.016
2HYI_G_2HYI_H,0.995
2HYI_I_2HYI_G,0.013
2HZM_A_2HZM_B,0.948
2I2X_I_2I2X_J,0.011
2I3T_C_2I3T_D,0.893
2IJ0_B_2IJ0_C,0.085
2IVF_A_2IVF_B,0.124
2IVF_B_2IVF_C,0.007
2IZO_A_2IZO_C,0.694
2IZV_A_2IZV_C,0.993
2J12_A_2J12_B,0.013
2J3T_A_2J3T_C,0.015
2J3W_D_2J3W_C,0.017
2J56_H_2J56_A,0.023
2J56_H_2J56_L,0.989
2J56_L_2J56_A,0.011
2J7A_B_2J7A_C,0.023
2JF1_A_2JF1_T,0.067
2NN6_F_2NN6_I,0.668
2NN6_G_2NN6_I,0.005
2NPS_A_2NPS_D,0.453
2NPS_C_2NPS_D,0.231
2NQ2_A_2NQ2_C,0.013
2NS1_A_2NS1_B,0.009
2NUD_A_2NUD_C,0.055
2NUT_A_2NUT_C,0.005
2NV2_K_2NV2_L,0.972
2NYZ_B_2NYZ_E,0.019
2O8G_A_2O8G_I,0.160
2O98_A_2O98_P,0.064
2OCF_A_2OCF_D,0.013
2ODY_B_2ODY_E,0.706
2OI9_A_2OI9_B,0.065
2OM2_A_2OM2_B,0.301
2OMY_A_2OMY_B,0.613
2OT3_A_2OT3_B,0.797
2OXG_Z_2OXG_Y,0.036
2OZ4_A_2OZ4_H,0.013
2OZB_E_2OZB_D,0.008
2P1L_E_2P1L_F,0.034
2P22_A_2P22_B,0.016
2P22_A_2P22_D,0.003
2P22_C_2P22_A,0.050
2P22_C_2P22_D,0.006
2P58_C_2P58_A,0.328
2P58_C_2P58_B,0.029
2P5T_F_2P5T_E,0.307
2P8Q_A_2P8Q_B,0.031
2PBD_A_2PBD_P,0.974
2PBD_A_2PBD_V,0.247
2PBD_P_2PBD_V,0.937
2PBI_C_2PBI_D,0.955
2PF4_D_2PF4_H,0.011
2PJW_V_2PJW_H,0.344
2PK9_A_2PK9_B,0.991
2PMS_A_2PMS_C,0.008
2PMZ_A_2PMZ_H,0.016
2PMZ_A_2PMZ_L,0.990
2PMZ_B_2PMZ_N,0.904
2PMZ_B_2PMZ_P,0.977
2PMZ_C_2PMZ_K,0.043
2PMZ_E_2PMZ_K,0.936
2PMZ_G_2PMZ_T,0.006
2PMZ_G_2PMZ_V,0.915
2PMZ_K_2PMZ_H,0.021
2PMZ_Q_2PMZ_W,0.857
2PNR_E_2PNR_G,0.010
2PQN_A_2PQN_B,0.021
2PSM_B_2PSM_C,0.977
2PT7_D_2PT7_H,0.026
2PU9_A_2PU9_B,0.986
2PU9_A_2PU9_C,0.019
2PW8_H_2PW8_I,1.032
2Q0O_A_2Q0O_C,0.040
2Q1Z_B_2Q1Z_A,0.034
2Q2E_B_2Q2E_A,0.004
2Q7N_A_2Q7N_B,0.003
2Q86_D_2Q86_C,0.333
2QCS_A_2QCS_B,0.018
2QFA_A_2QFA_B,0.937
2QFA_A_2QFA_C,0.966
2QFA_B_2QFA_C,0.939
2QIY_A_2QIY_C,0.024
2QKH_A_2QKH_B,0.021
2QKL_A_2QKL_B,0.915
2QLV_F_2QLV_E,0.018
2QSF_A_2QSF_X,0.982
2QTV_A_2QTV_B,0.008
2QTV_B_2QTV_D,0.062
2QWO_A_2QWO_B,0.007
2R17_C_2R17_A,0.201
2R6A_B_2R6A_C,0.025
2RDD_A_2RDD_B,0.931
2RF4_A_2RF4_B,0.844
2UZX_B_2UZX_A,0.025
2V3B_A_2V3B_B,0.012
2V51_D_2V51_E,0.083
2V53_A_2V53_D,0.125
2V5P_B_2V5P_C,0.006
2V6X_A_2V6X_B,0.791
2VCP_B_2VCP_E,0.988
2VE7_B_2VE7_D,0.319
2VPG_A_2VPG_B,0.110
2VPZ_A_2VPZ_B,0.086
2VPZ_G_2VPZ_F,0.011
2VSM_A_2VSM_B,0.013
2VSO_A_2VSO_E,0.913
2W19_B_2W19_D,0.026
2WAX_A_2WAX_B,0.519
2WBL_A_2WBL_C,0.052
2WDQ_B_2WDQ_C,0.947
2WDQ_E_2WDQ_F,0.985
2WG3_C_2WG3_A,0.334
2WIU_C_2WIU_D,0.061
2WJN_C_2WJN_L,0.015
2WJN_H_2WJN_L,0.016
2WJV_B_2WJV_E,0.265
2WM9_A_2WM9_B,0.957
2WP0_B_2WP0_D,0.012
2WT7_B_2WT7_A,0.009
2WTK_D_2WTK_E,0.032
2WWX_B_2WWX_A,0.033
2WZP_P_2WZP_H,0.004
2WZP_R_2WZP_Q,0.011
2X19_B_2X19_A,0.136
2XKO_B_2XKO_C,0.023
2XPI_A_2XPI_B,0.039
2XPP_A_2XPP_B,0.595
2XTS_A_2XTS_B,0.013
2XZE_A_2XZE_Q,0.012
2Y0M_A_2Y0M_B,0.030
2Y0N_A_2Y0N_E,0.020
2Y3A_A_2Y3A_B,0.712
2Y3N_C_2Y3N_D,0.075
2Y69_A_2Y69_B,0.997
2Y69_A_2Y69_D,0.995
2Y69_A_2Y69_M,0.303
2Y69_A_2Y69_T,0.978
2Y69_B_2Y69_D,0.986
2Y69_B_2Y69_E,0.999
2Y69_B_2Y69_I,1.000
2Y69_C_2Y69_G,1.000
2Y69_D_2Y69_E,1.000
2Y69_E_2Y69_I,0.995
2Y69_L_2Y69_M,0.103
2Y69_N_2Y69_P,1.000
2Y69_N_2Y69_S,0.986
2Y69_N_2Y69_Y,0.996
2Y69_O_2Y69_U,0.991
2Y69_P_2Y69_S,0.997
2Y69_Q_2Y69_X,0.990
2Y9M_A_2Y9M_B,0.018
2Y9Y_B_2Y9Y_A,0.004
2YFV_A_2YFV_C,0.042
2YFV_B_2YFV_C,0.014
2YIN_B_2YIN_D,0.720
2YJN_A_2YJN_B,0.184
2YNM_C_2YNM_B,0.006
2YNM_D_2YNM_A,0.013
2YPA_C_2YPA_A,0.015
2YPA_C_2YPA_D,0.616
2Z0D_A_2Z0D_B,0.019
2Z5K_A_2Z5K_B,0.011
2Z7F_E_2Z7F_I,0.146
2ZET_A_2ZET_C,0.026
2ZFD_A_2ZFD_B,0.368
2ZME_B_2ZME_D,0.999
2ZON_A_2ZON_G,0.024
2ZP8_B_2ZP8_G,0.023
2ZUP_A_2ZUP_B,0.014
2ZXE_A_2ZXE_B,0.968
2ZXE_A_2ZXE_G,0.970
2ZXE_B_2ZXE_G,0.010
2ZXX_F_2ZXX_E,0.007
2ZZD_L_2ZZD_J,0.331
3A0R_A_3A0R_B,0.010
3A1J_A_3A1J_B,0.008
3A1J_C_3A1J_A,0.022
3A1J_C_3A1J_B,0.237
3A2F_A_3A2F_B,0.820
3A4U_A_3A4U_B,0.999
3A5Z_C_3A5Z_D,0.007
3AB0_D_3AB0_E,0.018
3ABD_A_3ABD_X,0.744
3ABQ_C_3ABQ_D,0.013
3AJB_A_3AJB_B,0.034
3ALZ_A_3ALZ_B,0.047
3AOH_H_3AOH_Z,0.004
3AU4_A_3AU4_B,0.282
3AWU_A_3AWU_B,0.981
3AYH_B_3AYH_A,0.332
3B08_G_3B08_H,0.029
3B0D_B_3B0D_C,0.941
3BES_R_3BES_L,0.008
3BG1_B_3BG1_A,0.270
3BG4_C_3BG4_D,0.798
3BH7_B_3BH7_A,0.008
3BK3_A_3BK3_C,0.011
3BOW_B_3BOW_C,0.013
3BPO_C_3BPO_B,0.010
3BRV_B_3BRV_C,0.087
3BTP_A_3BTP_B,0.157
3BY4_A_3BY4_B,0.559
3C0T_A_3C0T_B,0.017
3CF4_A_3CF4_G,0.009
3CH5_A_3CH5_B,0.019
3CI0_J_3CI0_I,0.330
3CI0_K_3CI0_J,0.131
3CL3_A_3CL3_D,0.008
3CPT_B_3CPT_A,0.340
3CQC_A_3CQC_B,0.014
3CR3_B_3CR3_D,0.028
3CUE_L_3CUE_G,0.029
3CX8_A_3CX8_B,0.008
3D31_A_3D31_C,0.975
3D6N_A_3D6N_B,0.009
3DBO_B_3DBO_A,0.300
3DCG_D_3DCG_E,0.954
3DDC_A_3DDC_B,0.300
3DGP_B_3DGP_A,0.337
3DIN_A_3DIN_C,0.793
3DIN_A_3DIN_E,0.010
3DOE_A_3DOE_B,0.035
3DWG_A_3DWG_C,0.010
3E0J_A_3E0J_B,0.538
3E5A_A_3E5A_B,0.029
3EAB_A_3EAB_G,0.066
3EGG_A_3EGG_C,0.141
3EGW_B_3EGW_C,0.005
3ENO_B_3ENO_F,0.027
3EUH_A_3EUH_C,0.018
3EUJ_A_3EUJ_B,0.052
3F1S_A_3F1S_B,0.948
3F3F_D_3F3F_B,0.332
3F62_B_3F62_A,0.117
3F8U_C_3F8U_D,0.033
3FBI_B_3FBI_A,0.024
3FIE_A_3FIE_C,0.024
3FJU_A_3FJU_B,0.089
3FWB_A_3FWB_B,0.030
3G5O_D_3G5O_C,0.309
3G9V_C_3G9V_D,0.590
3G9W_A_3G9W_D,0.840
3GCG_A_3GCG_B,0.732
3GE3_A_3GE3_C,0.548
3GLI_B_3GLI_A,0.332
3GLI_J_3GLI_F,0.323
3GQI_A_3GQI_B,0.009
3GYX_E_3GYX_F,0.009
3GZ2_B_3GZ2_P,0.039
3H0G_B_3H0G_J,0.995
3H0G_B_3H0G_L,0.967
3H0G_N_3H0G_U,0.925
3H4S_A_3H4S_E,0.417
3H7H_B_3H7H_A,0.306
3HD7_F_3HD7_E,0.178
3HD7_F_3HD7_G,0.024
3HGK_B_3HGK_E,0.045
3HHZ_K_3HHZ_A,0.007
3HI2_B_3HI2_A,0.240
3HJY_A_3HJY_B,0.888
3HMX_A_3HMX_B,0.588
3HRD_A_3HRD_D,0.014
3HRD_F_3HRD_H,0.012
3HRD_G_3HRD_H,0.006
3HRZ_D_3HRZ_C,0.008
3HTK_C_3HTK_B,0.059
3HUG_I_3HUG_J,0.052
3HZH_B_3HZH_A,0.040
3IAB_A_3IAB_B,0.974
3IAX_A_3IAX_B,0.015
3ICQ_T_3ICQ_B,0.018
3IEC_B_3IEC_F,0.725
3IHP_A_3IHP_C,0.871
3IHQ_A_3IHQ_B,0.960
3IJ2_X_3IJ2_B,0.014
3IKO_H_3IKO_I,0.012
3IM4_A_3IM4_C,0.061
3IMA_A_3IMA_B,0.894
3INB_A_3INB_D,0.018
3IOZ_A_3IOZ_B,0.040
3ISM_A_3ISM_C,0.011
3JQO_k_3JQO_l,0.015
3K51_A_3K51_B,0.031
3K6G_B_3K6G_E,0.062
3K7V_A_3K7V_C,0.993
3K8P_D_3K8P_C,0.018
3KBU_A_3KBU_D,0.012
3KF6_A_3KF6_B,0.839
3KFD_A_3KFD_J,0.342
3KFD_B_3KFD_F,0.024
3KFD_G_3KFD_K,0.016
3KFU_H_3KFU_I,0.050
3KFU_H_3KFU_J,0.575
3KFU_I_3KFU_B,0.008
3KMU_A_3KMU_B,0.986
3KND_A_3KND_B,0.957
3KP1_A_3KP1_E,0.444
3KQ4_B_3KQ4_A,0.006
3KSE_A_3KSE_D,0.969
3KWV_D_3KWV_F,0.829
3KXE_A_3KXE_C,0.209
3KYI_A_3KYI_B,0.195
3KYS_A_3KYS_B,0.543
3KZ4_B_3KZ4_H,0.003
3L2O_B_3L2O_A,0.324
3L3O_B_3L3O_M,0.023
3L75_D_3L75_E,0.970
3L75_E_3L75_J,0.079
3L75_Q_3L75_S,0.924
3L75_R_3L75_T,0.009
3L82_A_3L82_B,0.033
3LCB_B_3LCB_C,0.006
3LK2_A_3LK2_B,0.979
3LK2_A_3LK2_T,0.018
3LK2_B_3LK2_T,0.108
3LPE_A_3LPE_B,0.865
3LQC_B_3LQC_A,0.335
3LQV_B_3LQV_Q,0.041
3LVK_A_3LVK_B,0.980
3M0D_D_3M0D_C,0.013
3M1C_A_3M1C_B,0.346
3M4W_A_3M4W_E,0.579
3M91_A_3M91_B,0.035
3M9S_3_3M9S_F,0.003
3MDY_A_3MDY_B,0.853
3ME0_A_3ME0_B,0.939
3MHS_A_3MHS_B,0.015
3MHS_A_3MHS_C,0.060
3MHS_A_3MHS_D,0.981
3MHS_A_3MHS_E,0.019
3MHS_C_3MHS_B,0.176
3MHS_E_3MHS_B,0.014
3MJH_C_3MJH_D,0.156
3MK7_D_3MK7_E,0.016
3MK7_F_3MK7_E,0.039
3MK7_G_3MK7_I,0.004
3MML_A_3MML_B,0.007
3MMY_C_3MMY_D,0.718
3MN5_A_3MN5_S,0.989
3MSX_A_3MSX_B,0.011
3MXN_A_3MXN_B,0.554
3MZK_C_3MZK_D,0.364
3N3A_B_3N3A_C,0.011
3N3K_A_3N3K_B,0.145
3N6R_A_3N6R_B,0.006
3N9N_A_3N9N_C,0.020
3N9U_B_3N9U_C,0.015
3NCE_B_3NCE_A,0.336
3NFG_D_3NFG_C,0.013
3NMU_A_3NMU_F,0.996
3NMU_B_3NMU_C,0.010
3NMZ_A_3NMZ_C,0.011
3NY7_A_3NY7_B,0.012
3NYB_A_3NYB_B,0.017
3O4O_B_3O4O_A,0.013
3O4O_B_3O4O_C,0.055
3O4O_C_3O4O_A,0.316
3O65_E_3O65_F,0.847
3O6Q_A_3O6Q_D,0.033
3OAK_A_3OAK_D,0.014
3OC3_A_3OC3_C,0.009
3OHM_B_3OHM_A,0.007
3OIQ_A_3OIQ_B,0.033
3OJY_A_3OJY_C,0.007
3OLM_A_3OLM_D,0.963
3OQ3_B_3OQ3_A,0.028
3OR1_A_3OR1_C,0.015
3OR1_B_3OR1_C,0.012
3OTP_C_3OTP_I,0.008
3OVU_B_3OVU_C,0.016
3OVU_C_3OVU_A,0.335
3P5J_A_3P5J_B,0.011
3P5J_A_3P5J_C,0.020
3P5J_B_3P5J_C,0.385
3P71_T_3P71_C,0.022
3P8C_B_3P8C_F,0.004
3P8C_D_3P8C_F,0.080
3PCR_A_3PCR_B,0.011
3PEV_B_3PEV_A,0.334
3PHF_3_3PHF_4,0.055
3PIN_B_3PIN_A,0.010
3PNL_A_3PNL_B,0.008
3PNR_A_3PNR_B,0.909
3PVL_A_3PVL_B,0.009
3PXG_F_3PXG_f,0.011
3PZD_A_3PZD_B,0.059
3Q33_A_3Q33_B,0.014
3Q3J_B_3Q3J_A,0.309
3Q87_B_3Q87_A,0.016
3QBT_C_3QBT_D,0.011
3QDR_A_3QDR_B,0.075
3QKS_A_3QKS_C,0.128
3QN1_B_3QN1_A,0.321
3QVG_B_3QVG_A,0.335
3QWZ_A_3QWZ_B,0.681
3R07_A_3R07_C,0.008
3R2D_A_3R2D_J,0.883
3R45_A_3R45_C,0.045
3R84_V_3R84_U,0.165
3RFZ_E_3RFZ_D,0.037
3RFZ_E_3RFZ_F,0.007
3RGB_A_3RGB_C,0.012
3RGB_B_3RGB_C,0.011
3RGB_I_3RGB_J,0.017
3RKO_F_3RKO_E,0.325
3RLF_A_3RLF_G,0.334
3RLF_E_3RLF_G,0.018
3RLF_F_3RLF_E,0.004
3RNQ_B_3RNQ_A,0.976
3RZO_B_3RZO_K,0.011
3RZO_C_3RZO_J,0.990
3RZO_C_3RZO_K,0.991
3RZO_C_3RZO_L,0.996
3S8G_A_3S8G_B,0.966
3S8G_A_3S8G_C,0.042
3S8G_B_3S8G_C,0.349
3S9D_B_3S9D_A,0.331
3SBT_B_3SBT_A,0.006
3SGJ_A_3SGJ_C,0.863
3SJA_A_3SJA_D,0.013
3SJL_B_3SJL_E,0.978
3SJL_F_3SJL_B,0.003
3SQG_A_3SQG_C,0.008
3SQG_B_3SQG_C,0.049
3SQG_D_3SQG_B,0.006
3T12_A_3T12_C,0.148
3T5V_B_3T5V_C,0.609
3T6G_A_3T6G_B,0.022
3T97_B_3T97_C,0.254
3TBI_B_3TBI_A,0.003
3TIX_B_3TIX_A,0.092
3TJZ_B_3TJZ_A,0.010
3TJZ_B_3TJZ_C,0.351
3TL8_G_3TL8_K,0.038
3TND_A_3TND_B,0.980
3TNU_B_3TNU_A,0.299
3TQ7_Q_3TQ7_A,0.022
3TU5_A_3TU5_B,0.978
3TUF_B_3TUF_A,0.021
3TUJ_C_3TUJ_A,0.019
3TVJ_B_3TVJ_I,0.837
3TVT_A_3TVT_B,0.025
3TW8_C_3TW8_D,0.009
3TX7_A_3TX7_B,0.020
3U1J_B_3U1J_E,0.716
3U52_A_3U52_E,0.991
3U60_C_3U60_G,0.010
3U6X_D_3U6X_Y,0.935
3U7U_D_3U7U_J,0.797
3U88_C_3U88_M,0.054
3U9Z_A_3U9Z_C,0.973
3UKY_B_3UKY_C,0.966
3ULY_A_3ULY_B,0.013
3UTM_B_3UTM_C,0.199
3V11_A_3V11_B,0.878
3V11_A_3V11_C,0.058
3V4Y_A_3V4Y_B,0.011
3V5W_A_3V5W_B,0.989
3V62_B_3V62_C,0.802
3V89_A_3V89_B,0.005
3V96_A_3V96_B,0.888
3VA2_C_3VA2_A,0.010
3VEP_A_3VEP_C,0.266
3VHL_A_3VHL_B,0.956
3VHX_A_3VHX_B,0.651
3VIQ_A_3VIQ_B,0.867
3VMF_A_3VMF_B,0.746
3VR4_C_3VR4_G,0.320
3VR4_D_3VR4_G,0.005
3VR4_G_3VR4_H,0.562
3VU9_B_3VU9_A,0.335
3VUX_B_3VUX_E,0.082
3VYT_B_3VYT_A,0.135
3VYT_C_3VYT_A,0.011
3VYT_C_3VYT_B,0.012
3VZA_A_3VZA_C,0.975
3VZA_A_3VZA_E,0.032
3VZA_C_3VZA_E,0.082
3W15_C_3W15_A,0.024
3W1S_A_3W1S_B,0.017
3W1S_A_3W1S_C,0.101
3W1Y_A_3W1Y_C,0.012
3W5U_E_3W5U_H,0.017
3WDG_A_3WDG_B,0.920
3WFD_B_3WFD_C,0.010
3WHL_C_3WHL_D,0.036
3WKR_A_3WKR_C,0.012
3WO4_B_3WO4_C,0.017
3WO4_C_3WO4_A,0.012
3WRY_D_3WRY_B,0.006
3WSO_A_3WSO_B,0.853
3WTP_C_3WTP_F,0.023
3WTP_H_3WTP_F,0.016
3WWN_A_3WWN_B,0.010
3WWQ_D_3WWQ_F,0.370
3WWT_A_3WWT_B,0.067
3WXF_A_3WXF_B,0.647
3WXM_A_3WXM_B,0.996
3WYF_A_3WYF_B,0.777
3WYF_C_3WYF_A,0.328
3WYF_F_3WYF_E,0.005
3WYG_C_3WYG_D,0.953
3X1L_A_3X1L_B,0.631
3X1L_A_3X1L_C,0.520
3X1L_A_3X1L_F,0.008
3X1L_B_3X1L_C,0.852
3X1L_D_3X1L_G,0.038
3ZDL_A_3ZDL_B,0.670
3ZIA_A_3ZIA_G,0.885
3ZIA_D_3ZIA_J,0.028
3ZIA_E_3ZIA_G,0.028
3ZIA_G_3ZIA_H,0.760
3ZIA_G_3ZIA_I,0.052
3ZIA_M_3ZIA_T,0.016
3ZIA_Q_3ZIA_T,0.099
3ZIA_R_3ZIA_S,0.838
3ZKJ_D_3ZKJ_E,1.000
3ZS9_A_3ZS9_D,0.014
4A49_B_4A49_A,0.313
4A8J_D_4A8J_E,0.010
4A8X_A_4A8X_B,0.026
4A8X_C_4A8X_A,0.008
4A8X_C_4A8X_B,0.014
4AF3_A_4AF3_D,0.028
4AJ5_S_4AJ5_I,0.108
4ANI_C_4ANI_A,0.205
4AQR_A_4AQR_D,0.015
4AYD_D_4AYD_A,0.294
4B0M_M_4B0M_B,0.334
4B1V_B_4B1V_N,0.127
4B7Y_C_4B7Y_A,0.147
4B8C_C_4B8C_H,0.007
4B8C_D_4B8C_A,0.009
4B8C_D_4B8C_H,0.011
4BD9_A_4BD9_B,0.031
4BFI_A_4BFI_B,0.003
4BJJ_A_4BJJ_B,0.489
4BK5_A_4BK5_C,0.867
4BQ6_A_4BQ6_D,0.015
4BRU_A_4BRU_B,0.048
4BRW_A_4BRW_B,0.041
4BSZ_A_4BSZ_B,0.018
4BV4_R_4BV4_M,0.048
4BX9_A_4BX9_C,0.015
4C0H_B_4C0H_D,0.173
4C9B_A_4C9B_B,0.969
4C9R_C_4C9R_D,0.012
4CC9_B_4CC9_C,0.012
4CCG_A_4CCG_X,0.762
4CCN_B_4CCN_D,0.024
4CFR_B_4CFR_Q,0.032
4CGY_A_4CGY_B,0.007
4CI6_B_4CI6_A,0.005
4CJ2_A_4CJ2_D,0.040
4CLQ_A_4CLQ_B,0.030
4CMM_A_4CMM_B,0.011
4CO6_C_4CO6_E,0.039
4CRY_B_4CRY_G,0.048
4CT0_A_4CT0_B,0.988
4CXF_A_4CXF_B,0.013
4CYM_A_4CYM_D,0.231
4D0N_B_4D0N_A,0.332
4D18_A_4D18_F,0.007
4D18_B_4D18_F,0.010
4D18_E_4D18_H,0.035
4D18_I_4D18_J,0.012
4D18_J_4D18_M,0.018
4D18_M_4D18_N,0.779
4DAY_A_4DAY_C,0.531
4DCK_A_4DCK_C,0.013
4DCN_C_4DCN_A,0.006
4DGL_C_4DGL_B,0.006
4DGW_A_4DGW_B,0.011
4DGW_C_4DGW_B,0.007
4DH2_A_4DH2_B,0.907
4DHI_B_4DHI_D,0.044
4DI3_E_4DI3_C,0.015
4DID_A_4DID_B,0.076
4DJD_E_4DJD_B,0.016
4DJD_F_4DJD_B,0.008
4DL0_C_4DL0_G,0.007
4DL0_E_4DL0_G,0.044
4DL0_E_4DL0_I,0.002
4DVG_B_4DVG_A,0.254
4DX8_H_4DX8_B,0.028
4DXR_A_4DXR_B,0.007
4E6K_D_4E6K_H,0.040
4E6N_A_4E6N_B,0.023
4EAH_G_4EAH_E,0.004
4EB5_A_4EB5_C,0.939
4EBA_C_4EBA_H,0.006
4EN2_A_4EN2_B,0.022
4EOZ_D_4EOZ_C,0.023
4ETP_A_4ETP_B,0.547
4F0Z_A_4F0Z_B,0.984
4F0Z_A_4F0Z_C,0.970
4F0Z_B_4F0Z_C,0.014
4F4O_F_4F4O_D,0.007
4F6U_A_4F6U_B,0.995
4F8C_A_4F8C_B,0.732
4F9C_A_4F9C_B,0.994
4FAO_M_4FAO_Q,0.858
4FAO_W_4FAO_d,0.084
4FAO_b_4FAO_d,0.980
4FBW_A_4FBW_C,0.009
4FJV_A_4FJV_B,0.901
4FMB_A_4FMB_B,0.050
4FOU_A_4FOU_C,0.023
4FQ3_A_4FQ3_B,0.024
4FXE_E_4FXE_B,0.016
4FXG_B_4FXG_J,0.014
4FXW_A_4FXW_B,0.040
4G2V_A_4G2V_B,0.041
4G4S_O_4G4S_P,0.029
4G6U_A_4G6U_B,0.009
4G91_B_4G91_A,0.034
4GAF_B_4GAF_A,0.331
4GAM_B_4GAM_C,0.944
4GAM_L_4GAM_I,0.014
4GAM_M_4GAM_I,0.022
4GD3_T_4GD3_A,0.014
4GF3_A_4GF3_B,0.019
4GIZ_B_4GIZ_C,0.016
4GIZ_B_4GIZ_D,0.162
4GQB_A_4GQB_B,1.000
4GS7_C_4GS7_A,0.012
4GXB_A_4GXB_B,0.716
4H1W_A_4H1W_B,0.104
4H3H_A_4H3H_B,1.000
4H44_A_4H44_B,0.986
4H44_A_4H44_D,0.026
4H44_A_4H44_G,0.035
4H44_B_4H44_G,0.079
4H44_C_4H44_B,0.335
4H44_C_4H44_E,0.068
4H44_G_4H44_F,0.089
4H62_Q_4H62_K,0.114
4H62_Q_4H62_V,0.048
4H63_R_4H63_V,0.011
4H9N_C_4H9N_A,0.249
4H9N_C_4H9N_B,0.018
4HEA_3_4HEA_5,0.045
4HEA_3_4HEA_9,0.016
4HEA_4_4HEA_5,0.884
4HEA_4_4HEA_6,0.997
4HEA_4_4HEA_H,0.796
4HEA_5_4HEA_6,0.023
4HEA_5_4HEA_9,0.013
4HEA_6_4HEA_A,0.009
4HEA_6_4HEA_W,0.007
4HEA_9_4HEA_6,0.333
4HEA_9_4HEA_7,0.007
4HEA_D_4HEA_B,0.307
4HEA_D_4HEA_E,0.015
4HEA_D_4HEA_I,0.019
4HEA_D_4HEA_X,0.009
4HEA_E_4HEA_O,0.831
4HEA_F_4HEA_X,0.036
4HEA_Q_4HEA_G,0.329
4HEA_Q_4HEA_O,0.284
4HEA_Q_4HEA_P,0.333
4HEA_Q_4HEA_R,0.318
4HFK_A_4HFK_B,0.026
4HH3_A_4HH3_C,0.053
4HI0_A_4HI0_B,0.022
4HI0_A_4HI0_E,0.032
4HI8_A_4HI8_B,0.992
4HKC_A_4HKC_B,0.124
4HKJ_P_4HKJ_N,0.023
4HNY_A_4HNY_B,0.946
4HPM_C_4HPM_D,0.155
4HSA_F_4HSA_E,0.012
4HSU_A_4HSU_C,0.096
4HUQ_A_4HUQ_T,0.015
4HUQ_T_4HUQ_S,0.028
4HX3_G_4HX3_H,0.010
4HZU_T_4HZU_S,0.084
4I6J_A_4I6J_B,0.008
4I6M_A_4I6M_C,0.010
4I6M_A_4I6M_D,0.014
4I6N_A_4I6N_B,0.862
4I98_C_4I98_A,0.031
4I9X_B_4I9X_C,0.049
4IAO_A_4IAO_C,0.394
4IFD_A_4IFD_G,0.009
4IFD_C_4IFD_I,0.007
4IFD_G_4IFD_I,0.007
4IFD_I_4IFD_K,0.137
4IFD_J_4IFD_C,0.009
4II2_A_4II2_B,0.969
4IIQ_B_4IIQ_A,0.332
4IIQ_C_4IIQ_A,0.334
4IIT_A_4IIT_B,0.046
4IN3_D_4IN3_C,0.006
4ITR_B_4ITR_C,0.012
4IUM_A_4IUM_B,0.018
4IW3_K_4IW3_J,0.004
4IZ5_A_4IZ5_G,0.724
4J7C_K_4J7C_B,0.006
4JCV_E_4JCV_C,0.019
4JGH_A_4JGH_C,0.954
4JGH_B_4JGH_C,0.986
4JGH_D_4JGH_C,0.018
4JHJ_A_4JHJ_C,0.025
4JJN_L_4JJN_E,0.013
4JJN_L_4JJN_F,0.011
4JLQ_A_4JLQ_B,0.017
4JMF_B_4JMF_A,0.156
4JOI_B_4JOI_C,0.984
4JQU_A_4JQU_B,0.062
4K1R_C_4K1R_D,0.070
4KBB_B_4KBB_D,0.956
4KFZ_A_4KFZ_C,0.333
4KMO_A_4KMO_B,0.348
4KP3_A_4KP3_C,0.067
4KP3_B_4KP3_F,0.971
4KT5_A_4KT5_C,0.025
4KT6_C_4KT6_D,0.012
4KYO_A_4KYO_B,0.875
4KYT_A_4KYT_B,0.028
4L0Z_A_4L0Z_B,0.101
4L63_A_4L63_C,0.048
4LD3_A_4LD3_B,0.030
4LJO_A_4LJO_B,0.064
4LL1_A_4LL1_B,0.009
4LL8_A_4LL8_E,0.002
4LN0_B_4LN0_C,0.279
4LNU_A_4LNU_K,0.027
4LQS_A_4LQS_B,0.009
4LRT_A_4LRT_B,0.012
4LX3_A_4LX3_B,0.509
4M0W_A_4M0W_B,0.996
4M1U_A_4M1U_E,0.037
4M5D_A_4M5D_B,0.033
4M69_A_4M69_B,0.006
4M6B_A_4M6B_C,0.871
4M6B_D_4M6B_F,0.913
4M70_I_4M70_J,0.276
4MCT_A_4MCT_B,0.019
4ME7_C_4ME7_F,0.038
4MOY_A_4MOY_B,0.967
4MQW_E_4MQW_D,0.070
4MQW_X_4MQW_A,0.035
4MQW_Z_4MQW_H,0.015
4N3Y_C_4N3Y_A,0.013
4NDN_B_4NDN_F,0.010
4NEE_D_4NEE_C,0.011
4NEE_J_4NEE_K,0.016
4NQW_A_4NQW_B,0.647
4NRH_A_4NRH_D,0.009
4NTW_A_4NTW_B,0.021
4NTW_A_4NTW_C,0.008
4NTW_C_4NTW_B,0.043
4NUT_A_4NUT_B,0.034
4NWO_A_4NWO_B,0.023
4NWP_C_4NWP_E,0.036
4ODB_B_4ODB_E,0.969
4OJK_A_4OJK_C,0.126
4OMF_A_4OMF_B,0.006
4OMF_A_4OMF_G,0.315
4OMF_B_4OMF_G,0.020
4OO1_J_4OO1_C,0.006
4OO1_J_4OO1_H,0.007
4OR5_B_4OR5_E,0.934
4OR5_F_4OR5_G,0.978
4OR5_G_4OR5_H,0.042
4OR5_H_4OR5_J,0.022
4OV6_E_4OV6_G,0.086
4OWR_A_4OWR_C,0.015
4OWT_A_4OWT_B,0.142
4OWT_A_4OWT_C,0.018
4OY2_E_4OY2_F,0.812
4P1B_A_4P1B_I,0.013
4P5O_B_4P5O_K,0.056
4P5O_C_4P5O_F,0.853
4P5O_C_4P5O_G,0.005
4P5O_G_4P5O_D,0.287
4P6I_D_4P6I_A,0.013
4P6V_A_4P6V_B,0.009
4P6V_C_4P6V_D,0.117
4P6V_F_4P6V_A,0.005
4P6V_F_4P6V_C,0.009
4P6Z_B_4P6Z_M,0.333
4P6Z_G_4P6Z_M,0.005
4P6Z_G_4P6Z_S,0.123
4P6Z_S_4P6Z_V,0.016
4P78_A_4P78_D,0.327
4PBY_B_4PBY_D,0.034
4PER_A_4PER_B,0.552
4PK7_A_4PK7_B,0.988
4PKF_A_4PKF_C,0.016
4PKG_A_4PKG_G,0.814
4PLN_B_4PLN_C,0.005
4PSW_A_4PSW_C,0.011
4PSW_B_4PSW_C,0.024
4PUF_B_4PUF_D,0.004
4Q2U_B_4Q2U_A,0.322
4Q35_A_4Q35_B,0.008
4Q7J_C_4Q7J_B,0.003
4Q7J_C_4Q7J_D,0.185
4Q7J_F_4Q7J_E,0.331
4Q7J_G_4Q7J_E,0.003
4QAF_D_4QAF_A,0.011
4QAM_A_4QAM_B,0.024
4QIW_J_4QIW_Q,0.008
4QLB_A_4QLB_E,0.003
4QLP_B_4QLP_A,0.046
4QPG_C_4QPG_A,0.336
4QPJ_A_4QPJ_C,0.760
4QPL_B_4QPL_A,0.134
4QTT_D_4QTT_C,0.025
4R10_A_4R10_B,0.787
4R3U_A_4R3U_C,0.011
4R6U_A_4R6U_D,0.454
4RG6_A_4RG6_S,0.024
4RGW_A_4RGW_B,0.930
4ROC_A_4ROC_B,0.006
4RS1_B_4RS1_A,0.013
4RT6_A_4RT6_B,0.032
4S0H_E_4S0H_B,0.035
4TPS_C_4TPS_D,0.117
4TQ1_A_4TQ1_B,0.573
4TQU_Q_4TQU_M,0.007
4U4C_A_4U4C_B,0.022
4U65_E_4U65_A,0.016
4U7U_A_4U7U_B,0.011
4U7U_A_4U7U_K,0.025
4U7U_E_4U7U_B,0.010
4U7U_M_4U7U_V,0.017
4U7U_U_4U7U_P,0.010
4U7U_V_4U7U_W,0.833
4UAF_B_4UAF_E,0.956
4UB8_A_4UB8_I,0.024
4UB8_A_4UB8_O,0.994
4UB8_A_4UB8_T,0.039
4UB8_A_4UB8_V,0.999
4UB8_B_4UB8_A,0.014
4UB8_B_4UB8_H,0.024
4UB8_B_4UB8_L,0.043
4UB8_B_4UB8_O,0.999
4UB8_B_4UB8_U,0.998
4UB8_E_4UB8_R,0.046
4UB8_K_4UB8_Y,0.142
4UB8_L_4UB8_T,0.072
4UB8_V_4UB8_U,0.336
4UB8_Z_4UB8_Y,0.030
4UB8_e_4UB8_j,0.104
4UB8_l_4UB8_m,0.029
4UB8_o_4UB8_u,0.986
4UE8_A_4UE8_B,0.068
4UE9_A_4UE9_B,0.880
4UEL_A_4UEL_B,0.944
4UEL_A_4UEL_C,0.262
4UF5_A_4UF5_B,0.045
4UFR_A_4UFR_B,0.022
4UI1_A_4UI1_D,0.010
4UQI_A_4UQI_M,0.012
4UQI_A_4UQI_S,0.510
4UQI_B_4UQI_S,0.018
4US0_S_4US0_R,0.334
4UX3_A_4UX3_B,0.054
4UZY_A_4UZY_B,0.571
4UZZ_A_4UZZ_B,0.659
4V0X_A_4V0X_B,0.893
4V3K_B_4V3K_C,0.120
4V3K_D_4V3K_E,0.033
4V3K_D_4V3K_F,0.979
4W4L_B_4W4L_A,0.325
4W4L_C_4W4L_B,0.189
4W4O_A_4W4O_C,0.075
4WEM_A_4WEM_B,0.063
4WJ3_H_4WJ3_I,0.020
4WJ3_M_4WJ3_K,0.005
4WJ3_P_4WJ3_A,0.008
4WMA_A_4WMA_D,0.119
4WNL_D_4WNL_E,0.026
4WPX_A_4WPX_B,0.025
4WQO_A_4WQO_D,0.021
4WSI_A_4WSI_X,0.717
4WV4_B_4WV4_A,0.331
4WW7_A_4WW7_B,0.015
4WWX_E_4WWX_Y,0.972
4WX8_B_4WX8_E,0.981
4WYB_C_4WYB_D,0.632
4WZA_D_4WZA_H,0.014
4X8K_A_4X8K_B,0.029
4XB6_D_4XB6_B,0.025
4XB6_G_4XB6_E,0.007
4XB6_G_4XB6_H,0.032
4XD9_A_4XD9_B,0.057
4XDN_A_4XDN_B,0.014
4XGA_A_4XGA_B,0.010
4XGC_A_4XGC_B,0.010
4XGC_C_4XGC_B,0.325
4XGC_C_4XGC_E,0.902
4XGC_C_4XGC_F,0.021
4XGC_D_4XGC_A,0.332
4XGC_D_4XGC_E,0.333
4XGC_E_4XGC_A,0.850
4XGC_E_4XGC_B,0.325
4XH9_D_4XH9_E,0.973
4XHJ_A_4XHJ_B,0.883
4XIZ_A_4XIZ_N,0.653
4XLG_A_4XLG_B,0.069
4XLR_C_4XLR_M,0.003
4XPM_B_4XPM_A,0.187
4XPM_C_4XPM_A,0.299
4XPM_C_4XPM_B,0.012
4XPN_A_4XPN_B,0.115
4XSG_B_4XSG_A,0.032
4XT1_A_4XT1_B,0.017
4XWJ_A_4XWJ_B,0.020
4XXB_A_4XXB_B,0.147
4XZR_B_4XZR_A,0.328
4Y99_A_4Y99_C,0.007
4YFD_A_4YFD_B,0.008
4YH7_A_4YH7_B,0.009
4YII_U_4YII_A,0.080
4YK8_B_4YK8_A,0.023
4YL8_A_4YL8_B,0.062
4YMU_J_4YMU_C,0.927
4YON_A_4YON_B,0.958
4YYP_A_4YYP_B,0.050
4Z2M_B_4Z2M_H,0.019
4Z2M_B_4Z2M_I,0.011
4Z3U_B_4Z3U_A,0.025
4Z42_C_4Z42_B,0.328
4Z42_F_4Z42_A,0.330
4Z6Y_A_4Z6Y_D,0.052
4Z80_A_4Z80_C,0.011
4Z8L_F_4Z8L_E,0.027
4Z96_A_4Z96_C,0.125
4ZHY_A_4ZHY_B,0.836
4ZJB_B_4ZJB_G,0.023
4ZJV_A_4ZJV_C,0.024
4ZK7_E_4ZK7_W,0.013
4ZK9_A_4ZK9_B,0.022
4ZP3_A_4ZP3_M,0.072
4ZRI_A_4ZRI_C,0.012
4ZRK_C_4ZRK_G,0.013
4ZRP_A_4ZRP_C,0.013
5ABV_E_5ABV_F,0.782
5AJJ_A_5AJJ_B,0.813
5AQV_A_5AQV_B,0.960
5AWF_B_5AWF_D,0.978
5AWW_Y_5AWW_E,0.036
5AWW_Y_5AWW_G,0.097
5B0O_C_5B0O_G,0.577
5B16_A_5B16_B,0.131
5B2G_A_5B2G_F,0.007
5B2G_C_5B2G_D,0.008
5B4X_C_5B4X_D,0.004
5B58_B_5B58_T,0.009
5B5W_A_5B5W_U,0.114
5B64_A_5B64_B,0.015
5B83_D_5B83_F,0.005
5BNX_A_5BNX_C,0.016
5BNX_B_5BNX_C,0.018
5BNX_D_5BNX_A,0.020
5BNX_D_5BNX_B,0.021
5BQC_B_5BQC_A,0.015
5BS7_C_5BS7_E,0.017
5BWA_A_5BWA_B,0.041
5BZ0_A_5BZ0_B,0.789
5C2J_B_5C2J_A,0.010
5C46_E_5C46_F,0.005
5CCB_B_5CCB_A,0.021
5CGQ_B_5CGQ_A,0.335
5CJP_E_5CJP_A,0.007
5CL1_A_5CL1_D,0.006
5CLL_A_5CLL_B,0.886
5CM2_Z_5CM2_M,0.019
5CM8_A_5CM8_B,0.937
5CSF_B_5CSF_C,0.018
5CX3_A_5CX3_E,0.835
5CYZ_A_5CYZ_C,0.501
5D1M_A_5D1M_B,0.768
5D3I_A_5D3I_B,0.002
5D6H_A_5D6H_B,0.787
5DA9_A_5DA9_C,0.366
5DLQ_B_5DLQ_C,0.737
5DLQ_B_5DLQ_F,0.021
5DMB_A_5DMB_D,0.014
5DMV_C_5DMV_D,0.019
5DOQ_A_5DOQ_B,0.027
5E8J_B_5E8J_D,0.124
5EE5_A_5EE5_B,0.011
5EKQ_A_5EKQ_E,0.011
5EOF_B_5EOF_C,0.346
5EP6_B_5EP6_A,0.140
5ET0_C_5ET0_D,0.011
5EXE_A_5EXE_B,0.783
5EXE_B_5EXE_C,0.007
5F0J_A_5F0J_B,0.005
5F0J_A_5F0J_C,0.008
5F0J_B_5F0J_C,0.010
5F1B_C_5F1B_A,0.006
5F4E_A_5F4E_B,0.007
5F5P_G_5F5P_E,0.008
5F5S_A_5F5S_B,0.026
5F5T_A_5F5T_C,0.044
5F74_A_5F74_B,0.033
5F84_A_5F84_B,0.007
5FC8_E_5FC8_C,0.333
5FFO_A_5FFO_G,0.005
5FFO_D_5FFO_B,0.019
5FIR_C_5FIR_D,0.043
5FL7_H_5FL7_O,0.847
5FM5_M_5FM5_P,0.012
5FQ8_B_5FQ8_G,0.002
5FQ8_D_5FQ8_E,0.006
5FQD_A_5FQD_B,0.033
5FQD_E_5FQD_F,0.896
5FU7_A_5FU7_B,0.024
5FU7_A_5FU7_D,0.011
5FU7_B_5FU7_C,0.013
5FU7_C_5FU7_D,0.004
5FU7_E_5FU7_G,0.023
5FUG_D_5FUG_F,0.015
5FUG_K_5FUG_L,0.064
5FVD_A_5FVD_B,0.084
5G1X_A_5G1X_B,0.023
5GJK_A_5GJK_B,0.985
5GK9_A_5GK9_B,0.997
5GQQ_B_5GQQ_D,0.018
5H07_A_5H07_D,0.009
5H2F_J_5H2F_F,0.027
5H2W_C_5H2W_D,0.975
5H6Q_A_5H6Q_B,0.990
5HK5_E_5HK5_A,0.051
5HPS_A_5HPS_B,0.020
5HU3_A_5HU3_B,0.168
5HXB_Z_5HXB_X,0.005
5HXG_C_5HXG_D,0.012
5HY3_A_5HY3_B,0.159
5HZK_D_5HZK_A,0.010
5HZK_D_5HZK_C,0.331
5I2D_A_5I2D_H,0.005
5I2D_F_5I2D_G,0.002
5I9E_A_5I9E_E,0.039
5IBK_A_5IBK_C,0.062
5IBW_A_5IBW_C,0.126
5IFG_B_5IFG_A,0.043
5IFS_B_5IFS_A,0.219
5IIB_A_5IIB_B,0.033
5IJ7_B_5IJ7_F,0.980
5IM5_N_5IM5_A,0.015
5IMT_A_5IMT_D,0.395
5INB_A_5INB_B,0.017
5IUK_E_5IUK_F,0.638
5IXI_A_5IXI_B,0.018
5J1S_A_5J1S_B,0.194
5J43_E_5J43_F,0.012
5J9T_C_5J9T_B,0.016
5J9T_C_5J9T_D,0.439
5J9T_E_5J9T_G,0.018
5J9T_H_5J9T_F,0.066
5JA4_D_5JA4_B,0.011
5JAA_D_5JAA_A,0.099
5JDO_A_5JDO_E,0.004
5JEA_C_5JEA_K,0.004
5JEA_I_5JEA_K,0.007
5JEJ_A_5JEJ_D,0.028
5JEN_A_5JEN_B,0.023
5JFZ_E_5JFZ_F,0.637
5JG6_B_5JG6_A,0.066
5JHF_F_5JHF_E,0.005
5JPO_A_5JPO_E,0.143
5JQY_A_5JQY_B,0.158
5JTV_A_5JTV_B,0.980
5JW7_A_5JW7_B,0.034
5JW9_B_5JW9_A,0.108
5JWO_A_5JWO_B,0.044
5K04_A_5K04_B,0.731
5K23_A_5K23_C,0.904
5KBX_B_5KBX_A,0.280
5KL1_A_5KL1_B,0.022
5KP7_A_5KP7_B,0.017
5KS8_F_5KS8_A,0.002
5KTB_B_5KTB_C,0.017
5KWY_B_5KWY_C,0.008
5KXH_A_5KXH_B,0.157
5L6N_H_5L6N_I,0.013
5L6W_L_5L6W_C,0.009
5L8H_A_5L8H_B,0.988
5L9W_A_5L9W_C,0.270
5LB7_A_5LB7_B,0.629
5LDA_A_5LDA_B,0.012
5LDD_B_5LDD_A,0.294
5LDD_B_5LDD_C,0.181
5LDD_C_5LDD_A,0.031
5LG4_A_5LG4_B,0.961
5LGD_A_5LGD_B,0.041
5LOP_A_5LOP_C,0.005
5LPU_B_5LPU_D,0.450
5LQF_A_5LQF_C,0.067
5LQF_E_5LQF_D,0.169
5LSB_A_5LSB_B,0.033
5LSI_D_5LSI_E,0.033
5LSJ_A_5LSJ_D,0.008
5LSJ_B_5LSJ_D,0.100
5LSJ_C_5LSJ_G,0.039
5LSJ_C_5LSJ_Q,0.096
5LSJ_E_5LSJ_G,0.005
5LSK_N_5LSK_P,0.018
5LTW_F_5LTW_G,0.037
5LXR_A_5LXR_B,0.089
5LXT_A_5LXT_E,0.999
5LXT_A_5LXT_F,0.993
5M5E_C_5M5E_D,0.641
5M72_A_5M72_B,0.096
5MB9_A_5MB9_D,0.686
5MJ3_A_5MJ3_B,0.983
5MSM_A_5MSM_B,0.813
5MSM_B_5MSM_C,0.021
5MSM_D_5MSM_F,0.007
5MU7_A_5MU7_B,0.586
5N6Y_A_5N6Y_C,0.008
5N9J_A_5N9J_B,0.555
5N9J_A_5N9J_C,0.124
5N9J_A_5N9J_D,0.007
5N9J_A_5N9J_E,0.006
5N9J_A_5N9J_G,0.001
5N9J_A_5N9J_R,0.010
5N9J_A_5N9J_S,0.004
5N9J_A_5N9J_W,0.001
5N9J_B_5N9J_C,0.005
5N9J_D_5N9J_B,0.007
5N9J_E_5N9J_B,0.007
5N9J_E_5N9J_C,0.005
5N9J_E_5N9J_G,0.002
5N9J_G_5N9J_B,0.001
5N9J_G_5N9J_D,0.002
5N9J_G_5N9J_R,0.003
5N9J_S_5N9J_G,0.002
5N9J_S_5N9J_Z,0.028
5N9J_U_5N9J_S,0.147
5N9J_U_5N9J_Z,0.005
5N9J_W_5N9J_S,0.004
5N9J_W_5N9J_U,0.011
5NLB_B_5NLB_A,0.021
5NT7_D_5NT7_C,0.031
5NVL_C_5NVL_D,0.043
5NXB_B_5NXB_C,0.018
5O32_F_5O32_J,0.013
5O7X_E_5O7X_F,0.418
5O7X_G_5O7X_H,0.016
5O7X_G_5O7X_I,0.006
5SY7_A_5SY7_B,0.904
5SZH_B_5SZH_A,0.091
5T46_C_5T46_D,0.018
5T48_A_5T48_B,0.646
5T59_A_5T59_B,0.926
5T59_A_5T59_C,0.037
5T59_E_5T59_F,0.037
5T5I_A_5T5I_B,0.012
5T5I_A_5T5I_C,0.020
5T5I_B_5T5I_D,0.060
5T5I_B_5T5I_F,0.013
5T5I_B_5T5I_G,0.020
5T5I_J_5T5I_K,0.032
5T5W_A_5T5W_C,0.057
5T5W_B_5T5W_C,0.951
5T70_A_5T70_G,0.429
5T89_X_5T89_V,0.009
5TAR_A_5TAR_B,0.009
5TCS_A_5TCS_C,0.009
5TDY_D_5TDY_C,0.289
5UA4_A_5UA4_B,0.629
5UFU_A_5UFU_B,0.426
5UK4_N_5UK4_n,0.005
5UNI_B_5UNI_A,0.017
5UQ2_A_5UQ2_B,0.675
5V3N_A_5V3N_B,0.044
5V6T_A_5V6T_B,0.004
5VJI_F_5VJI_D,0.017
5VK3_B_5VK3_A,0.010
5VOB_A_5VOB_B,0.201
5VOB_B_5VOB_D,0.008
5VXZ_B_5VXZ_D,0.009
5WGB_A_5WGB_B,0.198
5WUR_A_5WUR_C,0.309
5WXM_B_5WXM_V,0.063
5WY5_A_5WY5_B,0.336
5WYL_C_5WYL_D,0.647
5X1E_A_5X1E_C,0.966
5X3T_D_5X3T_C,0.021
5X3X_q_5X3X_m,0.032
5X5W_C_5X5W_D,0.886
5X5Y_F_5X5Y_B,0.277
5XBF_A_5XBF_B,0.010
5XEQ_A_5XEQ_B,0.011
5XJL_2_5XJL_A,
5XJL_2_5XJL_M,
5XSJ_X_5XSJ_L,
