,PDB,l1,l2,seq1,seq2,concatenated_seq
0,6n64_A-6n64_B,170,173,NYTKRSGDILGKIAHLAQIEDDRAAMVISWHLASDMDCVVTLTTDAARAIYDETQGRQQVLPLDSIYRKTLPDWKRPLPHFRNGKLHFKPFGNPVFARDLLTFPDNIEHCETVFGMLLGDTIILDNLDAANHYRKEVVKITHCPTLLTRDGDRIRSNGKFGGLQNKAPPM,TLPNYTKRSGDILGKIAHLAQIEDDRAAMVISWHLASDMDCVVTLTTDAARAIYDETQGRQQVLPLDSIYRKTLPDWKRPLPHFRNGKLHFKPFGNPVFARDLLTFPDNIEHCETVFGMLLGDTIILDNLDAANHYRKEVVKITHCPTLLTRDGDRIRSNGKFGGLQNKAPPM,NYTKRSGDILGKIAHLAQIEDDRAAMVISWHLASDMDCVVTLTTDAARAIYDETQGRQQVLPLDSIYRKTLPDWKRPLPHFRNGKLHFKPFGNPVFARDLLTFPDNIEHCETVFGMLLGDTIILDNLDAANHYRKEVVKITHCPTLLTRDGDRIRSNGKFGGLQNKAPPMTLPNYTKRSGDILGKIAHLAQIEDDRAAMVISWHLASDMDCVVTLTTDAARAIYDETQGRQQVLPLDSIYRKTLPDWKRPLPHFRNGKLHFKPFGNPVFARDLLTFPDNIEHCETVFGMLLGDTIILDNLDAANHYRKEVVKITHCPTLLTRDGDRIRSNGKFGGLQNKAPPM
1,6tmm_A-6tmm_B,156,155,LILNLRGGAFVSNTQITMADKQKKFINEIQEGDLVRSYSITDETFQQNAVTSIVKHEADQLCQINFGKQHVVCTVNHRFYDPESKLWKSVCPHPGSGISFLKKYDYLLSEEGEKLQITEIKTFTTKQPVFIYHIQVENNHNFFANGVLAHAMQVSI,LILNLRGGAFVSNTQITMADKQKKFINEIQEGDLVRSYSITDETFQQNAVTSIVKHEADQLCQINFGKQHVVCTVNHRFYDPESKLWKSVCPHPGSGISFLKKYDYLLSEEGEKLQITEIKTFTTKQPVFIYHIQVENNHNFFANGVLAHAMQVS,LILNLRGGAFVSNTQITMADKQKKFINEIQEGDLVRSYSITDETFQQNAVTSIVKHEADQLCQINFGKQHVVCTVNHRFYDPESKLWKSVCPHPGSGISFLKKYDYLLSEEGEKLQITEIKTFTTKQPVFIYHIQVENNHNFFANGVLAHAMQVSILILNLRGGAFVSNTQITMADKQKKFINEIQEGDLVRSYSITDETFQQNAVTSIVKHEADQLCQINFGKQHVVCTVNHRFYDPESKLWKSVCPHPGSGISFLKKYDYLLSEEGEKLQITEIKTFTTKQPVFIYHIQVENNHNFFANGVLAHAMQVS
2,6tmm_A-6tmm_D,156,155,LILNLRGGAFVSNTQITMADKQKKFINEIQEGDLVRSYSITDETFQQNAVTSIVKHEADQLCQINFGKQHVVCTVNHRFYDPESKLWKSVCPHPGSGISFLKKYDYLLSEEGEKLQITEIKTFTTKQPVFIYHIQVENNHNFFANGVLAHAMQVSI,LILNLRGGAFVSNTQITMADKQKKFINEIQEGDLVRSYSITDETFQQNAVTSIVKHEADQLCQINFGKQHVVCTVNHRFYDPESKLWKSVCPHPGSGISFLKKYDYLLSEEGEKLQITEIKTFTTKQPVFIYHIQVENNHNFFANGVLAHAMQVS,LILNLRGGAFVSNTQITMADKQKKFINEIQEGDLVRSYSITDETFQQNAVTSIVKHEADQLCQINFGKQHVVCTVNHRFYDPESKLWKSVCPHPGSGISFLKKYDYLLSEEGEKLQITEIKTFTTKQPVFIYHIQVENNHNFFANGVLAHAMQVSILILNLRGGAFVSNTQITMADKQKKFINEIQEGDLVRSYSITDETFQQNAVTSIVKHEADQLCQINFGKQHVVCTVNHRFYDPESKLWKSVCPHPGSGISFLKKYDYLLSEEGEKLQITEIKTFTTKQPVFIYHIQVENNHNFFANGVLAHAMQVS
3,6vn1_A-6vn1_B,622,622,TKPTFYVCPPPTGSTIVRLEPPRTCPDYHLGKNFTEGIAVVYKENIAAYKFKATVYYKDVIVSTAWAGSSYTQITNRYADRVPIPVSEITDTIDKFGKCSSKATYVRNNHKVEAFNEDKNPQDMPLIASKYNSVGSKAWHTTNDTYMVAGTPGTYRTGTSVNCIIEEVEARSIFPYDSFGLSTGDIIYMSPFFGLRDGAYREHSNYAMDRFHQFEGYRQRDLDTRALLEPAARNFLVTPHLTVGWNWKPKRTEVCSLVKWREVEDVVRDEYAHNFRFTMKTLSTTFISETNEFNLNQIHLSQCVKEEARAIINRIYTTRYNSSHVRTGDIQTYLARGGFVVVFQPLLSNSLARLYLQELVRENTNHSPQKHPTRNTRSRRSVPVELRANRTITTTSSVEFAMLQFTYDHIQEHVNEMLARISSSWCQLQNRERALWSGLFPINPSALASTILDQRVKARILGDVISVSNCPELGSDTRIILQNSMRVSGSTTRCYSRPLISIVSLNGSGTVEGQLGTDNELIMSRDLLEPCVANHKRYFLFGHHYVYYEDYRYVREIAVHDVGMISTYVDLNLTLLKDREFMPLRVYTRDELRDTGLLDYSEIQRRNQMHSLRFYDIDKVVQ,TKPTFYVCPPPTGSTIVRLEPPRTCPDYHLGKNFTEGIAVVYKENIAAYKFKATVYYKDVIVSTAWAGSSYTQITNRYADRVPIPVSEITDTIDKFGKCSSKATYVRNNHKVEAFNEDKNPQDMPLIASKYNSVGSKAWHTTNDTYMVAGTPGTYRTGTSVNCIIEEVEARSIFPYDSFGLSTGDIIYMSPFFGLRDGAYREHSNYAMDRFHQFEGYRQRDLDTRALLEPAARNFLVTPHLTVGWNWKPKRTEVCSLVKWREVEDVVRDEYAHNFRFTMKTLSTTFISETNEFNLNQIHLSQCVKEEARAIINRIYTTRYNSSHVRTGDIQTYLARGGFVVVFQPLLSNSLARLYLQELVRENTNHSPQKHPTRNTRSRRSVPVELRANRTITTTSSVEFAMLQFTYDHIQEHVNEMLARISSSWCQLQNRERALWSGLFPINPSALASTILDQRVKARILGDVISVSNCPELGSDTRIILQNSMRVSGSTTRCYSRPLISIVSLNGSGTVEGQLGTDNELIMSRDLLEPCVANHKRYFLFGHHYVYYEDYRYVREIAVHDVGMISTYVDLNLTLLKDREFMPLRVYTRDELRDTGLLDYSEIQRRNQMHSLRFYDIDKVVQ,TKPTFYVCPPPTGSTIVRLEPPRTCPDYHLGKNFTEGIAVVYKENIAAYKFKATVYYKDVIVSTAWAGSSYTQITNRYADRVPIPVSEITDTIDKFGKCSSKATYVRNNHKVEAFNEDKNPQDMPLIASKYNSVGSKAWHTTNDTYMVAGTPGTYRTGTSVNCIIEEVEARSIFPYDSFGLSTGDIIYMSPFFGLRDGAYREHSNYAMDRFHQFEGYRQRDLDTRALLEPAARNFLVTPHLTVGWNWKPKRTEVCSLVKWREVEDVVRDEYAHNFRFTMKTLSTTFISETNEFNLNQIHLSQCVKEEARAIINRIYTTRYNSSHVRTGDIQTYLARGGFVVVFQPLLSNSLARLYLQELVRENTNHSPQKHPTRNTRSRRSVPVELRANRTITTTSSVEFAMLQFTYDHIQEHVNEMLARISSSWCQLQNRERALWSGLFPINPSALASTILDQRVKARILGDVISVSNCPELGSDTRIILQNSMRVSGSTTRCYSRPLISIVSLNGSGTVEGQLGTDNELIMSRDLLEPCVANHKRYFLFGHHYVYYEDYRYVREIAVHDVGMISTYVDLNLTLLKDREFMPLRVYTRDELRDTGLLDYSEIQRRNQMHSLRFYDIDKVVQTKPTFYVCPPPTGSTIVRLEPPRTCPDYHLGKNFTEGIAVVYKENIAAYKFKATVYYKDVIVSTAWAGSSYTQITNRYADRVPIPVSEITDTIDKFGKCSSKATYVRNNHKVEAFNEDKNPQDMPLIASKYNSVGSKAWHTTNDTYMVAGTPGTYRTGTSVNCIIEEVEARSIFPYDSFGLSTGDIIYMSPFFGLRDGAYREHSNYAMDRFHQFEGYRQRDLDTRALLEPAARNFLVTPHLTVGWNWKPKRTEVCSLVKWREVEDVVRDEYAHNFRFTMKTLSTTFISETNEFNLNQIHLSQCVKEEARAIINRIYTTRYNSSHVRTGDIQTYLARGGFVVVFQPLLSNSLARLYLQELVRENTNHSPQKHPTRNTRSRRSVPVELRANRTITTTSSVEFAMLQFTYDHIQEHVNEMLARISSSWCQLQNRERALWSGLFPINPSALASTILDQRVKARILGDVISVSNCPELGSDTRIILQNSMRVSGSTTRCYSRPLISIVSLNGSGTVEGQLGTDNELIMSRDLLEPCVANHKRYFLFGHHYVYYEDYRYVREIAVHDVGMISTYVDLNLTLLKDREFMPLRVYTRDELRDTGLLDYSEIQRRNQMHSLRFYDIDKVVQ
4,6vn1_H-6vn1_L,128,106,QVQLVQSGAEVKKPGSSVKVSCKASGGTFSNFAISWVRQAPGQGLEWMGRIMPLFVTSTYAQKFQGRVTISADASTSTAYMELSSLRSDDTAMYYCARDITAPGAAPTPLNFYGMDVWGQGTTVTVSS,DIQMTQSPSTLSASVGDRVTITCRASQTISTWLAWYQQTPRKAPKLMIYKASILENGVPSRFSGSGSGTEFTLTISSLQPEDFATYYCQQYKSYPWTFGQGTKVEI,QVQLVQSGAEVKKPGSSVKVSCKASGGTFSNFAISWVRQAPGQGLEWMGRIMPLFVTSTYAQKFQGRVTISADASTSTAYMELSSLRSDDTAMYYCARDITAPGAAPTPLNFYGMDVWGQGTTVTVSSDIQMTQSPSTLSASVGDRVTITCRASQTISTWLAWYQQTPRKAPKLMIYKASILENGVPSRFSGSGSGTEFTLTISSLQPEDFATYYCQQYKSYPWTFGQGTKVEI
5,6vn1_A-6vn1_H,622,128,TKPTFYVCPPPTGSTIVRLEPPRTCPDYHLGKNFTEGIAVVYKENIAAYKFKATVYYKDVIVSTAWAGSSYTQITNRYADRVPIPVSEITDTIDKFGKCSSKATYVRNNHKVEAFNEDKNPQDMPLIASKYNSVGSKAWHTTNDTYMVAGTPGTYRTGTSVNCIIEEVEARSIFPYDSFGLSTGDIIYMSPFFGLRDGAYREHSNYAMDRFHQFEGYRQRDLDTRALLEPAARNFLVTPHLTVGWNWKPKRTEVCSLVKWREVEDVVRDEYAHNFRFTMKTLSTTFISETNEFNLNQIHLSQCVKEEARAIINRIYTTRYNSSHVRTGDIQTYLARGGFVVVFQPLLSNSLARLYLQELVRENTNHSPQKHPTRNTRSRRSVPVELRANRTITTTSSVEFAMLQFTYDHIQEHVNEMLARISSSWCQLQNRERALWSGLFPINPSALASTILDQRVKARILGDVISVSNCPELGSDTRIILQNSMRVSGSTTRCYSRPLISIVSLNGSGTVEGQLGTDNELIMSRDLLEPCVANHKRYFLFGHHYVYYEDYRYVREIAVHDVGMISTYVDLNLTLLKDREFMPLRVYTRDELRDTGLLDYSEIQRRNQMHSLRFYDIDKVVQ,QVQLVQSGAEVKKPGSSVKVSCKASGGTFSNFAISWVRQAPGQGLEWMGRIMPLFVTSTYAQKFQGRVTISADASTSTAYMELSSLRSDDTAMYYCARDITAPGAAPTPLNFYGMDVWGQGTTVTVSS,TKPTFYVCPPPTGSTIVRLEPPRTCPDYHLGKNFTEGIAVVYKENIAAYKFKATVYYKDVIVSTAWAGSSYTQITNRYADRVPIPVSEITDTIDKFGKCSSKATYVRNNHKVEAFNEDKNPQDMPLIASKYNSVGSKAWHTTNDTYMVAGTPGTYRTGTSVNCIIEEVEARSIFPYDSFGLSTGDIIYMSPFFGLRDGAYREHSNYAMDRFHQFEGYRQRDLDTRALLEPAARNFLVTPHLTVGWNWKPKRTEVCSLVKWREVEDVVRDEYAHNFRFTMKTLSTTFISETNEFNLNQIHLSQCVKEEARAIINRIYTTRYNSSHVRTGDIQTYLARGGFVVVFQPLLSNSLARLYLQELVRENTNHSPQKHPTRNTRSRRSVPVELRANRTITTTSSVEFAMLQFTYDHIQEHVNEMLARISSSWCQLQNRERALWSGLFPINPSALASTILDQRVKARILGDVISVSNCPELGSDTRIILQNSMRVSGSTTRCYSRPLISIVSLNGSGTVEGQLGTDNELIMSRDLLEPCVANHKRYFLFGHHYVYYEDYRYVREIAVHDVGMISTYVDLNLTLLKDREFMPLRVYTRDELRDTGLLDYSEIQRRNQMHSLRFYDIDKVVQQVQLVQSGAEVKKPGSSVKVSCKASGGTFSNFAISWVRQAPGQGLEWMGRIMPLFVTSTYAQKFQGRVTISADASTSTAYMELSSLRSDDTAMYYCARDITAPGAAPTPLNFYGMDVWGQGTTVTVSS
6,6ya2_A-6ya2_B,188,190,DLPNNCLNASSLKCEIKGISTYNVYYQVENNGVIYSCVSDSAEGLEKCDNSLNLPKRFSKVPVIPITKLDNKRHFSVGTKFFISESLTQDNYPITYNSYPTNGTVCLQTVKLSGDCKITKSNFANPYTVSITSPEKIMGYLIKKPGENVEHKVISFSGSASITFTEEMLDGEHNLLCGDKSAKIPKTN,VSDLPNNCLNASSLKCEIKGISTYNVYYQVENNGVIYSCVSDSAEGLEKCDNSLNLPKRFSKVPVIPITKLDNKRHFSVGTKFFISESLTQDNYPITYNSYPTNGTVCLQTVKLSGDCKITKSNFANPYTVSITSPEKIMGYLIKKPGENVEHKVISFSGSASITFTEEMLDGEHNLLCGDKSAKIPKTN,DLPNNCLNASSLKCEIKGISTYNVYYQVENNGVIYSCVSDSAEGLEKCDNSLNLPKRFSKVPVIPITKLDNKRHFSVGTKFFISESLTQDNYPITYNSYPTNGTVCLQTVKLSGDCKITKSNFANPYTVSITSPEKIMGYLIKKPGENVEHKVISFSGSASITFTEEMLDGEHNLLCGDKSAKIPKTNVSDLPNNCLNASSLKCEIKGISTYNVYYQVENNGVIYSCVSDSAEGLEKCDNSLNLPKRFSKVPVIPITKLDNKRHFSVGTKFFISESLTQDNYPITYNSYPTNGTVCLQTVKLSGDCKITKSNFANPYTVSITSPEKIMGYLIKKPGENVEHKVISFSGSASITFTEEMLDGEHNLLCGDKSAKIPKTN
7,6xod_A-6xod_B,154,166,MQASRARLFKEYKEVQREKVADPDIQLICDDTNIFKWTALIKGPSETPYEGGVFQLAFSVPEPYPLQPPQVRFLTKIFHPNVHFKTGEICLDILKNAWSPAWTLQSVCRAIIALMAHPEPDSPLNCDSGNLLRSGDVRGFNSMAQMYTRLAAMP,QFFQPVKPTLGQIVRQKLSEGRKVTCRLLGVILEETSPEELQKQATVRSSVLEVLLEITKYSDLYLMERVLDDESEAKVLQALENAGVFTSGGLVKDKVLFCSTEIGRTSFVRQLEPDWHIDTNPEISTQLARFIKYQLHVATVKPERTAPNVFTSQSIEQFFGSV,MQASRARLFKEYKEVQREKVADPDIQLICDDTNIFKWTALIKGPSETPYEGGVFQLAFSVPEPYPLQPPQVRFLTKIFHPNVHFKTGEICLDILKNAWSPAWTLQSVCRAIIALMAHPEPDSPLNCDSGNLLRSGDVRGFNSMAQMYTRLAAMPQFFQPVKPTLGQIVRQKLSEGRKVTCRLLGVILEETSPEELQKQATVRSSVLEVLLEITKYSDLYLMERVLDDESEAKVLQALENAGVFTSGGLVKDKVLFCSTEIGRTSFVRQLEPDWHIDTNPEISTQLARFIKYQLHVATVKPERTAPNVFTSQSIEQFFGSV
8,7bgl_A-7bgl_B,211,211,CAWIPAKPLVQGATTAQPIPGPVPVANGSIFQSAQPINYGYQPLFEDRRPRNIGDTLTIVLQENVSASKSSSANASRDGKTSFGFDTVPRYLQGLFGNSRADMEASGGNSFNGKGGANASNTFSGTLTVTVDQVLANGNLHVVGEKQIAINQGTEFIRFSGVVNPRTISGSNSVPSTQVADARIEYVGNGYINEAQNMGWLQRFFLNLSPM,CAWIPAKPLVQGATTAQPIPGPVPVANGSIFQSAQPINYGYQPLFEDRRPRNIGDTLTIVLQENVSASKSSSANASRDGKTSFGFDTVPRYLQGLFGNSRADMEASGGNSFNGKGGANASNTFSGTLTVTVDQVLANGNLHVVGEKQIAINQGTEFIRFSGVVNPRTISGSNSVPSTQVADARIEYVGNGYINEAQNMGWLQRFFLNLSPM,CAWIPAKPLVQGATTAQPIPGPVPVANGSIFQSAQPINYGYQPLFEDRRPRNIGDTLTIVLQENVSASKSSSANASRDGKTSFGFDTVPRYLQGLFGNSRADMEASGGNSFNGKGGANASNTFSGTLTVTVDQVLANGNLHVVGEKQIAINQGTEFIRFSGVVNPRTISGSNSVPSTQVADARIEYVGNGYINEAQNMGWLQRFFLNLSPMCAWIPAKPLVQGATTAQPIPGPVPVANGSIFQSAQPINYGYQPLFEDRRPRNIGDTLTIVLQENVSASKSSSANASRDGKTSFGFDTVPRYLQGLFGNSRADMEASGGNSFNGKGGANASNTFSGTLTVTVDQVLANGNLHVVGEKQIAINQGTEFIRFSGVVNPRTISGSNSVPSTQVADARIEYVGNGYINEAQNMGWLQRFFLNLSPM
9,7bgl_a-7bgl_b,346,346,ERIRDLTSVQGVRENSLIGYGLVVGLDGTGDQTTQTPFTTQTLNNMLSQLGITVPTGTNMQLKNVAAVMVTASYPPFARQGQTIDVVVSSMGNAKSLRGGTLLMTPLKGVDSQVYALAQGNILVGGAGASAGGSSVQVNQLNGGRITNGAIIERELPTQFGAGNTINLQLNDEDFTMAQQITDAINRARGYGSATALDARTVQVRVPSGNSSQVRFLADIQNMEVNVTPQDAKVVINSRTGSVVMNREVTLDSCAVAQGNLSVTVNRQLNVNQPNTPFGGGQTVVTPQTQIDLRQSGGSLQSVRSSANLNSVVRALNALGATPMDLMSILQSMQSAGCLRAKLEII,ERIRDLTSVQGVRENSLIGYGLVVGLDGTGDQTTQTPFTTQTLNNMLSQLGITVPTGTNMQLKNVAAVMVTASYPPFARQGQTIDVVVSSMGNAKSLRGGTLLMTPLKGVDSQVYALAQGNILVGGAGASAGGSSVQVNQLNGGRITNGAIIERELPTQFGAGNTINLQLNDEDFTMAQQITDAINRARGYGSATALDARTVQVRVPSGNSSQVRFLADIQNMEVNVTPQDAKVVINSRTGSVVMNREVTLDSCAVAQGNLSVTVNRQLNVNQPNTPFGGGQTVVTPQTQIDLRQSGGSLQSVRSSANLNSVVRALNALGATPMDLMSILQSMQSAGCLRAKLEII,ERIRDLTSVQGVRENSLIGYGLVVGLDGTGDQTTQTPFTTQTLNNMLSQLGITVPTGTNMQLKNVAAVMVTASYPPFARQGQTIDVVVSSMGNAKSLRGGTLLMTPLKGVDSQVYALAQGNILVGGAGASAGGSSVQVNQLNGGRITNGAIIERELPTQFGAGNTINLQLNDEDFTMAQQITDAINRARGYGSATALDARTVQVRVPSGNSSQVRFLADIQNMEVNVTPQDAKVVINSRTGSVVMNREVTLDSCAVAQGNLSVTVNRQLNVNQPNTPFGGGQTVVTPQTQIDLRQSGGSLQSVRSSANLNSVVRALNALGATPMDLMSILQSMQSAGCLRAKLEIIERIRDLTSVQGVRENSLIGYGLVVGLDGTGDQTTQTPFTTQTLNNMLSQLGITVPTGTNMQLKNVAAVMVTASYPPFARQGQTIDVVVSSMGNAKSLRGGTLLMTPLKGVDSQVYALAQGNILVGGAGASAGGSSVQVNQLNGGRITNGAIIERELPTQFGAGNTINLQLNDEDFTMAQQITDAINRARGYGSATALDARTVQVRVPSGNSSQVRFLADIQNMEVNVTPQDAKVVINSRTGSVVMNREVTLDSCAVAQGNLSVTVNRQLNVNQPNTPFGGGQTVVTPQTQIDLRQSGGSLQSVRSSANLNSVVRALNALGATPMDLMSILQSMQSAGCLRAKLEII
10,6v4v_A-6v4v_A,143,143,NINLYKLDQRFKQSRINIESFHSTVLLTGQVPDPYLKQLAEDNVKAMSDVKAVHNYITVGNKVSYNTIMQDAGVTANTRALLMKAPVVSDSKVLVHTEDGVLYVMGRLNTAEINDLNNVLQNVGNVTKIVTLIDNIDLAPAPA,NINLYKLDQRFKQSRINIESFHSTVLLTGQVPDPYLKQLAEDNVKAMSDVKAVHNYITVGNKVSYNTIMQDAGVTANTRALLMKAPVVSDSKVLVHTEDGVLYVMGRLNTAEINDLNNVLQNVGNVTKIVTLIDNIDLAPAPA,NINLYKLDQRFKQSRINIESFHSTVLLTGQVPDPYLKQLAEDNVKAMSDVKAVHNYITVGNKVSYNTIMQDAGVTANTRALLMKAPVVSDSKVLVHTEDGVLYVMGRLNTAEINDLNNVLQNVGNVTKIVTLIDNIDLAPAPANINLYKLDQRFKQSRINIESFHSTVLLTGQVPDPYLKQLAEDNVKAMSDVKAVHNYITVGNKVSYNTIMQDAGVTANTRALLMKAPVVSDSKVLVHTEDGVLYVMGRLNTAEINDLNNVLQNVGNVTKIVTLIDNIDLAPAPA
11,7m5f_A-7m5f_C,98,119,MKEIKLMADYHCYPLWGTTPDDFGDISPDELPISLGLKNSLEAWAKRYDAILNTDDPALSGFKSVEEEKLFIDDGYKLAELLQEELGSAYKVIYHADY,TTKSLFKEMTIQGIKFTPENVVGAAKDNSGKIIFLEKGNSKSGLQHIVEEHGDQFAQIGVSEARIPDVVMKAVTDGKIVGYQGAGAGRPIYETMIDGKKYNIAVTVGSNGYVVGANLRG,MKEIKLMADYHCYPLWGTTPDDFGDISPDELPISLGLKNSLEAWAKRYDAILNTDDPALSGFKSVEEEKLFIDDGYKLAELLQEELGSAYKVIYHADYTTKSLFKEMTIQGIKFTPENVVGAAKDNSGKIIFLEKGNSKSGLQHIVEEHGDQFAQIGVSEARIPDVVMKAVTDGKIVGYQGAGAGRPIYETMIDGKKYNIAVTVGSNGYVVGANLRG
12,7cwp_C-7cwp_D,129,129,AAPTPADKSMMAAVPEWTITNLKRVCNAGNTSCTWTFGVDTHLATATSCTYVVKANANASQASGGPVTCGPYTITSSWSGQFGPNNGFTTFAVTDFSKKLIVWPAYTDVQVQAGKVVSPNQSYAPANLP,ADKSMMAAVPEWTITNLKRVCNAGNTSCTWTFGVDTHLATATSCTYVVKANANASQASGGPVTCGPYTITSSWSGQFGPNNGFTTFAVTDFSKKLIVWPAYTDVQVQAGKVVSPNQSYAPANLPLEHHH,AAPTPADKSMMAAVPEWTITNLKRVCNAGNTSCTWTFGVDTHLATATSCTYVVKANANASQASGGPVTCGPYTITSSWSGQFGPNNGFTTFAVTDFSKKLIVWPAYTDVQVQAGKVVSPNQSYAPANLPADKSMMAAVPEWTITNLKRVCNAGNTSCTWTFGVDTHLATATSCTYVVKANANASQASGGPVTCGPYTITSSWSGQFGPNNGFTTFAVTDFSKKLIVWPAYTDVQVQAGKVVSPNQSYAPANLPLEHHH
13,6r17_C-6r17_D,63,56,KDEALEKDLNDVSKEINLMLSTYAKLLSERAAVDASYIDEIDELFKEANAIENFLIQKREFLR,DEALEKDLNDVSKEINLMLSTYAKLLSERAAVDASYIDEIDELFKEANAIENFLIQ,KDEALEKDLNDVSKEINLMLSTYAKLLSERAAVDASYIDEIDELFKEANAIENFLIQKREFLRDEALEKDLNDVSKEINLMLSTYAKLLSERAAVDASYIDEIDELFKEANAIENFLIQ
14,6r17_A-6r17_B,93,94,LYFSSLDSSIDILQKRAQELIENINKSRQKDHALMTNFRNSLKTKVSDLTEKLEERIYQIYNDHNKIIQEKLQEFTQKMAKISHLETELKQVC,GLYFSSLDSSIDILQKRAQELIENINKSRQKDHALMTNFRNSLKTKVSDLTEKLEERIYQIYNDHNKIIQEKLQEFTQKMAKISHLETELKQVC,LYFSSLDSSIDILQKRAQELIENINKSRQKDHALMTNFRNSLKTKVSDLTEKLEERIYQIYNDHNKIIQEKLQEFTQKMAKISHLETELKQVCGLYFSSLDSSIDILQKRAQELIENINKSRQKDHALMTNFRNSLKTKVSDLTEKLEERIYQIYNDHNKIIQEKLQEFTQKMAKISHLETELKQVC
15,6r17_C-6r17_D,63,56,KDEALEKDLNDVSKEINLMLSTYAKLLSERAAVDASYIDEIDELFKEANAIENFLIQKREFLR,DEALEKDLNDVSKEINLMLSTYAKLLSERAAVDASYIDEIDELFKEANAIENFLIQ,KDEALEKDLNDVSKEINLMLSTYAKLLSERAAVDASYIDEIDELFKEANAIENFLIQKREFLRDEALEKDLNDVSKEINLMLSTYAKLLSERAAVDASYIDEIDELFKEANAIENFLIQ
16,6r17_A-6r17_C,93,63,LYFSSLDSSIDILQKRAQELIENINKSRQKDHALMTNFRNSLKTKVSDLTEKLEERIYQIYNDHNKIIQEKLQEFTQKMAKISHLETELKQVC,KDEALEKDLNDVSKEINLMLSTYAKLLSERAAVDASYIDEIDELFKEANAIENFLIQKREFLR,LYFSSLDSSIDILQKRAQELIENINKSRQKDHALMTNFRNSLKTKVSDLTEKLEERIYQIYNDHNKIIQEKLQEFTQKMAKISHLETELKQVCKDEALEKDLNDVSKEINLMLSTYAKLLSERAAVDASYIDEIDELFKEANAIENFLIQKREFLR
17,6r17_A-6r17_B,93,94,LYFSSLDSSIDILQKRAQELIENINKSRQKDHALMTNFRNSLKTKVSDLTEKLEERIYQIYNDHNKIIQEKLQEFTQKMAKISHLETELKQVC,GLYFSSLDSSIDILQKRAQELIENINKSRQKDHALMTNFRNSLKTKVSDLTEKLEERIYQIYNDHNKIIQEKLQEFTQKMAKISHLETELKQVC,LYFSSLDSSIDILQKRAQELIENINKSRQKDHALMTNFRNSLKTKVSDLTEKLEERIYQIYNDHNKIIQEKLQEFTQKMAKISHLETELKQVCGLYFSSLDSSIDILQKRAQELIENINKSRQKDHALMTNFRNSLKTKVSDLTEKLEERIYQIYNDHNKIIQEKLQEFTQKMAKISHLETELKQVC
